Type,Local Number,Message,Field 1,Value 1,Units 1,Field 2,Value 2,Units 2,Field 3,Value 3,Units 3,Field 4,Value 4,Units 4,Field 5,Value 5,Units 5,Field 6,Value 6,Units 6,Field 7,Value 7,Units 7,Field 8,Value 8,Units 8,Field 9,Value 9,Units 9,Field 10,Value 10,Units 10,Field 11,Value 11,Units 11,Field 12,Value 12,Units 12,Field 13,Value 13,Units 13,Field 14,Value 14,Units 14,Field 15,Value 15,Units 15,Field 16,Value 16,Units 16,Field 17,Value 17,Units 17,Field 18,Value 18,Units 18,Field 19,Value 19,Units 19,Field 20,Value 20,Units 20,Field 21,Value 21,Units 21,Field 22,Value 22,Units 22,Field 23,Value 23,Units 23,Field 24,Value 24,Units 24,Field 25,Value 25,Units 25,Field 26,Value 26,Units 26,Field 27,Value 27,Units 27,Field 28,Value 28,Units 28,Field 29,Value 29,Units 29,Field 30,Value 30,Units 30,Field 31,Value 31,Units 31,Field 32,Value 32,Units 32,Field 33,Value 33,Units 33,
Definition,0,file_id,serial_number,1,,time_created,1,,manufacturer,1,,product,1,,number,1,,type,1,,
Data,0,file_id,serial_number,3814993968,,time_created,746675864,,manufacturer,1,,garmin_product,1169,,type,4,,,,,
Definition,1,file_creator,software_version,1,,hardware_version,1,,,,,,,,,,,,,,
Data,1,file_creator,software_version,220,,,,,,,,,,,,,,,,,
Definition,2,event,timestamp,1,,data,1,,event,1,,event_type,1,,event_group,1,,,,,
Data,2,event,timestamp,746675865,s,timer_trigger,0,,event,0,,event_type,0,,event_group,0,,,,,
Definition,3,device_info,timestamp,1,,serial_number,1,,cum_operating_time,1,,unknown,1,,unknown,1,,unknown,1,,manufacturer,1,,product,1,,software_version,1,,battery_voltage,1,,device_index,1,,device_type,1,,hardware_version,1,,unknown,1,,battery_status,1,,
Data,3,device_info,timestamp,746675865,s,serial_number,3814993968,,manufacturer,1,,product,1169,,software_version,2.2,,device_index,0,,device_type,1,,,,,,,,,,,,,,,,,,,,,,,,,,
Data,3,device_info,timestamp,746675865,s,device_index,1,,device_type,12,,,,,,,,,,,,,,,,,,,,,,,,,,,,,,,,,,,,,,
Data,3,device_info,timestamp,746675865,s,manufacturer,1,,product,0,,software_version,2.86,,device_index,2,,device_type,12,,,,,,,,,,,,,,,,,,,,,,,,,,,,,
Data,3,device_info,timestamp,746675865,s,serial_number,30781,,unknown,185,,unknown,10,,device_index,3,,device_type,121,,unknown,95,,,,,,,,,,,,,,,,,,,,,,,,,,
Definition,4,unknown,unknown,1,,unknown,1,,unknown,1,,unknown,1,,unknown,1,,unknown,1,,unknown,1,,unknown,1,,unknown,1,,unknown,1,,unknown,1,,,,,,,,,,,,,,
Data,4,unknown,unknown,746675865,,unknown,3,,unknown,3,,unknown,3,,unknown,1,,unknown,0,,,,,,,,,,,,,,,,,,,,,,,,,,,,,
Definition,5,record,timestamp,1,,position_lat,1,,position_long,1,,distance,1,,altitude,1,,speed,1,,cadence,1,,,,,,,,,,,,,,,,,,,,,,,,,,
Data,5,record,timestamp,746675865,s,position_lat,405373809,semicircles,position_long,-1412833821,semicircles,distance,6.04,m,altitude,13.200000000000045,m,speed,6.036,m/s,cadence,64,rpm,,,,,,,,,,,,,,,,,,,,,,,,,
Data,5,record,timestamp,746675866,s,position_lat,405373475,semicircles,position_long,-1412834532,semicircles,distance,12.21,m,altitude,13.200000000000045,m,speed,6.176,m/s,cadence,64,rpm,,,,,,,,,,,,,,,,,,,,,,,,,
Data,4,unknown,unknown,746675868,,unknown,3,,unknown,3,,unknown,3,,unknown,1,,unknown,0,,,,,,,,,,,,,,,,,,,,,,,,,,,,,
Definition,6,record,timestamp,1,,position_lat,1,,position_long,1,,distance,1,,altitude,1,,speed,1,,cadence,1,,temperature,1,,,,,,,,,,,,,,,,,,,,,,,
Data,6,record,timestamp,746675868,s,position_lat,405372826,semicircles,position_long,-1412836012,semicircles,distance,24.84,m,altitude,13.200000000000045,m,speed,6.379,m/s,cadence,66,rpm,temperature,23,C,,,,,,,,,,,,,,,,,,,,,,
Data,6,record,timestamp,746675869,s,position_lat,405372475,semicircles,position_long,-1412836721,semicircles,distance,31.29,m,altitude,13.399999999999977,m,speed,6.456,m/s,cadence,67,rpm,temperature,23,C,,,,,,,,,,,,,,,,,,,,,,
Data,6,record,timestamp,746675876,s,position_lat,405370042,semicircles,position_long,-1412842079,semicircles,distance,77.53,m,altitude,13.399999999999977,m,speed,6.784,m/s,cadence,71,rpm,temperature,23,C,,,,,,,,,,,,,,,,,,,,,,
Data,6,record,timestamp,746675877,s,position_lat,405369690,semicircles,position_long,-1412842877,semicircles,distance,84.36,m,altitude,13.399999999999977,m,speed,6.827,m/s,cadence,71,rpm,temperature,23,C,,,,,,,,,,,,,,,,,,,,,,
Data,6,record,timestamp,746675883,s,position_lat,405367585,semicircles,position_long,-1412847146,semicircles,distance,123.71,m,altitude,13.399999999999977,m,speed,6.23,m/s,cadence,64,rpm,temperature,23,C,,,,,,,,,,,,,,,,,,,,,,
Data,6,record,timestamp,746675889,s,position_lat,405365911,semicircles,position_long,-1412851983,semicircles,distance,161.36,m,altitude,13.399999999999977,m,speed,6.437,m/s,cadence,68,rpm,temperature,23,C,,,,,,,,,,,,,,,,,,,,,,
Data,6,record,timestamp,746675895,s,position_lat,405363802,semicircles,position_long,-1412856885,semicircles,distance,202.61,m,altitude,13.399999999999977,m,speed,7.147,m/s,cadence,75,rpm,temperature,23,C,,,,,,,,,,,,,,,,,,,,,,
Data,6,record,timestamp,746675903,s,position_lat,405360813,semicircles,position_long,-1412863621,semicircles,distance,262.12,m,altitude,13.399999999999977,m,speed,7.343,m/s,cadence,126,rpm,temperature,23,C,,,,,,,,,,,,,,,,,,,,,,
Data,6,record,timestamp,746675910,s,position_lat,405358662,semicircles,position_long,-1412868789,semicircles,distance,309.73,m,altitude,13.399999999999977,m,speed,6.304,m/s,cadence,72,rpm,temperature,23,C,,,,,,,,,,,,,,,,,,,,,,
Data,6,record,timestamp,746675914,s,position_lat,405358482,semicircles,position_long,-1412869496,semicircles,distance,325.04,m,altitude,13.399999999999977,m,speed,2.671,m/s,cadence,0,rpm,temperature,23,C,,,,,,,,,,,,,,,,,,,,,,
Data,2,event,timestamp,746675916,s,timer_trigger,1,,event,0,,event_type,4,,event_group,0,,,,,,,,,,,,,,,,,,,,,,,,,,,,,,,,
Data,6,record,timestamp,746675916,s,position_lat,405358446,semicircles,position_long,-1412869553,semicircles,distance,327.71,m,altitude,13.399999999999977,m,speed,0.0,m/s,cadence,0,rpm,temperature,23,C,,,,,,,,,,,,,,,,,,,,,,
Data,4,unknown,unknown,746675918,,unknown,3,,unknown,3,,unknown,1,,unknown,0,,,,,,,,,,,,,,,,,,,,,,,,,,,,,,,,
Data,4,unknown,unknown,746676064,,unknown,3,,unknown,3,,unknown,3,,unknown,1,,unknown,0,,,,,,,,,,,,,,,,,,,,,,,,,,,,,
Data,2,event,timestamp,746676067,s,timer_trigger,1,,event,0,,event_type,0,,event_group,0,,,,,,,,,,,,,,,,,,,,,,,,,,,,,,,,
Data,6,record,timestamp,746676067,s,position_lat,405358092,semicircles,position_long,-1412870238,semicircles,distance,327.71,m,altitude,13.399999999999977,m,speed,1.958,m/s,cadence,24,rpm,temperature,22,C,,,,,,,,,,,,,,,,,,,,,,
Data,6,record,timestamp,746676068,s,position_lat,405357729,semicircles,position_long,-1412870591,semicircles,distance,329.91,m,altitude,13.399999999999977,m,speed,2.171,m/s,cadence,0,rpm,temperature,22,C,,,,,,,,,,,,,,,,,,,,,,
Data,6,record,timestamp,746676070,s,position_lat,405356942,semicircles,position_long,-1412870911,semicircles,distance,335.74,m,altitude,13.399999999999977,m,speed,3.71,m/s,cadence,30,rpm,temperature,22,C,,,,,,,,,,,,,,,,,,,,,,
Data,6,record,timestamp,746676071,s,position_lat,405356455,semicircles,position_long,-1412870870,semicircles,distance,339.9,m,altitude,13.399999999999977,m,speed,4.157,m/s,cadence,40,rpm,temperature,22,C,,,,,,,,,,,,,,,,,,,,,,
Data,6,record,timestamp,746676074,s,position_lat,405354908,semicircles,position_long,-1412870182,semicircles,distance,354.77,m,altitude,13.399999999999977,m,speed,5.162,m/s,cadence,56,rpm,temperature,22,C,,,,,,,,,,,,,,,,,,,,,,
Data,6,record,timestamp,746676075,s,position_lat,405354336,semicircles,position_long,-1412869936,semicircles,distance,360.21,m,altitude,13.399999999999977,m,speed,5.369,m/s,cadence,59,rpm,temperature,22,C,,,,,,,,,,,,,,,,,,,,,,
Data,6,record,timestamp,746676080,s,position_lat,405351180,semicircles,position_long,-1412868220,semicircles,distance,391.39,m,altitude,13.399999999999977,m,speed,6.636,m/s,cadence,70,rpm,temperature,22,C,,,,,,,,,,,,,,,,,,,,,,
Data,6,record,timestamp,746676088,s,position_lat,405345310,semicircles,position_long,-1412864812,semicircles,distance,450.27,m,altitude,13.399999999999977,m,speed,7.828,m/s,cadence,42,rpm,temperature,22,C,,,,,,,,,,,,,,,,,,,,,,
Data,6,record,timestamp,746676091,s,position_lat,405342928,semicircles,position_long,-1412863379,semicircles,distance,474.3,m,altitude,13.399999999999977,m,speed,8.095,m/s,cadence,88,rpm,temperature,22,C,,,,,,,,,,,,,,,,,,,,,,
Data,6,record,timestamp,746676096,s,position_lat,405338617,semicircles,position_long,-1412860641,semicircles,distance,518.74,m,altitude,13.399999999999977,m,speed,9.051,m/s,cadence,0,rpm,temperature,22,C,,,,,,,,,,,,,,,,,,,,,,
Data,6,record,timestamp,746676099,s,position_lat,405336351,semicircles,position_long,-1412859311,semicircles,distance,543.97,m,altitude,13.399999999999977,m,speed,7.494,m/s,cadence,0,rpm,temperature,22,C,,,,,,,,,,,,,,,,,,,,,,
Data,6,record,timestamp,746676100,s,position_lat,405335590,semicircles,position_long,-1412859287,semicircles,distance,551.26,m,altitude,13.0,m,speed,7.29,m/s,cadence,0,rpm,temperature,22,C,,,,,,,,,,,,,,,,,,,,,,
Data,6,record,timestamp,746676101,s,position_lat,405334817,semicircles,position_long,-1412859641,semicircles,distance,558.67,m,altitude,12.399999999999977,m,speed,7.416,m/s,cadence,0,rpm,temperature,22,C,,,,,,,,,,,,,,,,,,,,,,
Data,6,record,timestamp,746676102,s,position_lat,405334249,semicircles,position_long,-1412860305,semicircles,distance,566.09,m,altitude,12.0,m,speed,7.416,m/s,cadence,19,rpm,temperature,22,C,,,,,,,,,,,,,,,,,,,,,,
Data,6,record,timestamp,746676103,s,position_lat,405333872,semicircles,position_long,-1412861138,semicircles,distance,573.38,m,altitude,11.600000000000023,m,speed,7.29,m/s,cadence,76,rpm,temperature,22,C,,,,,,,,,,,,,,,,,,,,,,
Data,6,record,timestamp,746676104,s,position_lat,405333487,semicircles,position_long,-1412861988,semicircles,distance,580.83,m,altitude,11.199999999999989,m,speed,7.442,m/s,cadence,78,rpm,temperature,22,C,,,,,,,,,,,,,,,,,,,,,,
Data,6,record,timestamp,746676109,s,position_lat,405331447,semicircles,position_long,-1412866608,semicircles,distance,620.39,m,altitude,11.199999999999989,m,speed,8.215,m/s,cadence,85,rpm,temperature,22,C,,,,,,,,,,,,,,,,,,,,,,
Data,6,record,timestamp,746676117,s,position_lat,405328138,semicircles,position_long,-1412874241,semicircles,distance,686.68,m,altitude,11.199999999999989,m,speed,8.235,m/s,cadence,86,rpm,temperature,22,C,,,,,,,,,,,,,,,,,,,,,,
Data,6,record,timestamp,746676122,s,position_lat,405326216,semicircles,position_long,-1412879162,semicircles,distance,727.98,m,altitude,11.199999999999989,m,speed,8.299,m/s,cadence,87,rpm,temperature,22,C,,,,,,,,,,,,,,,,,,,,,,
Data,6,record,timestamp,746676124,s,position_lat,405325348,semicircles,position_long,-1412881040,semicircles,distance,744.67,m,altitude,11.199999999999989,m,speed,8.332,m/s,cadence,88,rpm,temperature,22,C,,,,,,,,,,,,,,,,,,,,,,
Data,6,record,timestamp,746676132,s,position_lat,405322060,semicircles,position_long,-1412888989,semicircles,distance,812.84,m,altitude,11.199999999999989,m,speed,8.701,m/s,cadence,91,rpm,temperature,21,C,,,,,,,,,,,,,,,,,,,,,,
Data,6,record,timestamp,746676133,s,position_lat,405321641,semicircles,position_long,-1412890003,semicircles,distance,821.61,m,altitude,11.199999999999989,m,speed,8.773,m/s,cadence,91,rpm,temperature,21,C,,,,,,,,,,,,,,,,,,,,,,
Data,6,record,timestamp,746676140,s,position_lat,405318573,semicircles,position_long,-1412896875,semicircles,distance,882.36,m,altitude,11.199999999999989,m,speed,8.562,m/s,cadence,89,rpm,temperature,21,C,,,,,,,,,,,,,,,,,,,,,,
Data,6,record,timestamp,746676142,s,position_lat,405317667,semicircles,position_long,-1412898817,semicircles,distance,899.6,m,altitude,11.199999999999989,m,speed,8.639,m/s,cadence,90,rpm,temperature,21,C,,,,,,,,,,,,,,,,,,,,,,
Data,6,record,timestamp,746676148,s,position_lat,405314961,semicircles,position_long,-1412904935,semicircles,distance,952.83,m,altitude,11.199999999999989,m,speed,8.854,m/s,cadence,92,rpm,temperature,21,C,,,,,,,,,,,,,,,,,,,,,,
Data,6,record,timestamp,746676153,s,position_lat,405312737,semicircles,position_long,-1412909944,semicircles,distance,996.89,m,altitude,11.199999999999989,m,speed,8.781,m/s,cadence,92,rpm,temperature,21,C,,,,,,,,,,,,,,,,,,,,,,
Data,6,record,timestamp,746676160,s,position_lat,405309534,semicircles,position_long,-1412917148,semicircles,distance,1059.61,m,altitude,11.199999999999989,m,speed,9.042,m/s,cadence,94,rpm,temperature,21,C,,,,,,,,,,,,,,,,,,,,,,
Data,6,record,timestamp,746676161,s,position_lat,405309076,semicircles,position_long,-1412918167,semicircles,distance,1068.69,m,altitude,11.199999999999989,m,speed,9.08,m/s,cadence,95,rpm,temperature,21,C,,,,,,,,,,,,,,,,,,,,,,
Data,6,record,timestamp,746676166,s,position_lat,405307193,semicircles,position_long,-1412922480,semicircles,distance,1109.8,m,altitude,11.199999999999989,m,speed,6.338,m/s,cadence,44,rpm,temperature,21,C,,,,,,,,,,,,,,,,,,,,,,
Data,6,record,timestamp,746676167,s,position_lat,405306977,semicircles,position_long,-1412922927,semicircles,distance,1115.18,m,altitude,11.199999999999989,m,speed,5.38,m/s,cadence,0,rpm,temperature,21,C,,,,,,,,,,,,,,,,,,,,,,
Data,6,record,timestamp,746676170,s,position_lat,405306396,semicircles,position_long,-1412923929,semicircles,distance,1125.8,m,altitude,11.199999999999989,m,speed,3.109,m/s,cadence,0,rpm,temperature,21,C,,,,,,,,,,,,,,,,,,,,,,
Data,6,record,timestamp,746676173,s,position_lat,405305670,semicircles,position_long,-1412925451,semicircles,distance,1137.35,m,altitude,10.800000000000011,m,speed,4.204,m/s,cadence,45,rpm,temperature,21,C,,,,,,,,,,,,,,,,,,,,,,
Data,6,record,timestamp,746676174,s,position_lat,405305586,semicircles,position_long,-1412926181,semicircles,distance,1142.57,m,altitude,10.399999999999977,m,speed,5.222,m/s,cadence,55,rpm,temperature,21,C,,,,,,,,,,,,,,,,,,,,,,
Data,6,record,timestamp,746676175,s,position_lat,405305728,semicircles,position_long,-1412927033,semicircles,distance,1148.59,m,altitude,9.800000000000011,m,speed,6.017,m/s,cadence,62,rpm,temperature,21,C,,,,,,,,,,,,,,,,,,,,,,
Data,6,record,timestamp,746676176,s,position_lat,405306087,semicircles,position_long,-1412927766,semicircles,distance,1155.18,m,altitude,9.399999999999977,m,speed,6.592,m/s,cadence,68,rpm,temperature,21,C,,,,,,,,,,,,,,,,,,,,,,
Data,6,record,timestamp,746676177,s,position_lat,405306701,semicircles,position_long,-1412928301,semicircles,distance,1162.11,m,altitude,9.0,m,speed,6.935,m/s,cadence,71,rpm,temperature,21,C,,,,,,,,,,,,,,,,,,,,,,
Data,6,record,timestamp,746676180,s,position_lat,405308984,semicircles,position_long,-1412929497,semicircles,distance,1183.58,m,altitude,9.0,m,speed,7.315,m/s,cadence,77,rpm,temperature,21,C,,,,,,,,,,,,,,,,,,,,,,
Data,6,record,timestamp,746676182,s,position_lat,405310566,semicircles,position_long,-1412930362,semicircles,distance,1198.92,m,altitude,9.0,m,speed,7.767,m/s,cadence,82,rpm,temperature,21,C,,,,,,,,,,,,,,,,,,,,,,
Data,6,record,timestamp,746676188,s,position_lat,405315143,semicircles,position_long,-1412933380,semicircles,distance,1246.92,m,altitude,9.0,m,speed,8.06,m/s,cadence,83,rpm,temperature,21,C,,,,,,,,,,,,,,,,,,,,,,
Data,6,record,timestamp,746676196,s,position_lat,405320731,semicircles,position_long,-1412938520,semicircles,distance,1311.61,m,altitude,9.0,m,speed,8.344,m/s,cadence,87,rpm,temperature,21,C,,,,,,,,,,,,,,,,,,,,,,
Data,6,record,timestamp,746676197,s,position_lat,405321508,semicircles,position_long,-1412939134,semicircles,distance,1320.09,m,altitude,9.0,m,speed,8.476,m/s,cadence,87,rpm,temperature,21,C,,,,,,,,,,,,,,,,,,,,,,
Data,6,record,timestamp,746676205,s,position_lat,405327780,semicircles,position_long,-1412943733,semicircles,distance,1387.63,m,altitude,9.0,m,speed,8.442,m/s,cadence,88,rpm,temperature,21,C,,,,,,,,,,,,,,,,,,,,,,
Data,6,record,timestamp,746676206,s,position_lat,405328604,semicircles,position_long,-1412944313,semicircles,distance,1396.06,m,altitude,9.399999999999977,m,speed,8.409,m/s,cadence,87,rpm,temperature,21,C,,,,,,,,,,,,,,,,,,,,,,
Data,6,record,timestamp,746676207,s,position_lat,405329382,semicircles,position_long,-1412944856,semicircles,distance,1404.38,m,altitude,9.800000000000011,m,speed,8.344,m/s,cadence,88,rpm,temperature,21,C,,,,,,,,,,,,,,,,,,,,,,
Data,6,record,timestamp,746676208,s,position_lat,405330172,semicircles,position_long,-1412945400,semicircles,distance,1412.79,m,altitude,10.399999999999977,m,speed,8.409,m/s,cadence,87,rpm,temperature,21,C,,,,,,,,,,,,,,,,,,,,,,
Data,6,record,timestamp,746676209,s,position_lat,405330928,semicircles,position_long,-1412945954,semicircles,distance,1421.16,m,altitude,10.800000000000011,m,speed,8.376,m/s,cadence,87,rpm,temperature,21,C,,,,,,,,,,,,,,,,,,,,,,
Data,6,record,timestamp,746676210,s,position_lat,405331682,semicircles,position_long,-1412946553,semicircles,distance,1429.47,m,altitude,11.199999999999989,m,speed,8.311,m/s,cadence,86,rpm,temperature,21,C,,,,,,,,,,,,,,,,,,,,,,
Data,6,record,timestamp,746676213,s,position_lat,405333902,semicircles,position_long,-1412948157,semicircles,distance,1453.98,m,altitude,11.199999999999989,m,speed,8.11,m/s,cadence,84,rpm,temperature,21,C,,,,,,,,,,,,,,,,,,,,,,
Data,6,record,timestamp,746676220,s,position_lat,405339172,semicircles,position_long,-1412951701,semicircles,distance,1509.97,m,altitude,11.199999999999989,m,speed,8.141,m/s,cadence,85,rpm,temperature,21,C,,,,,,,,,,,,,,,,,,,,,,
Data,6,record,timestamp,746676221,s,position_lat,405340010,semicircles,position_long,-1412952248,semicircles,distance,1518.33,m,altitude,11.600000000000023,m,speed,8.364,m/s,cadence,87,rpm,temperature,21,C,,,,,,,,,,,,,,,,,,,,,,
Data,6,record,timestamp,746676222,s,position_lat,405340809,semicircles,position_long,-1412952779,semicircles,distance,1526.83,m,altitude,12.0,m,speed,8.497,m/s,cadence,83,rpm,temperature,21,C,,,,,,,,,,,,,,,,,,,,,,
Data,6,record,timestamp,746676223,s,position_lat,405341605,semicircles,position_long,-1412953294,semicircles,distance,1535.13,m,altitude,12.399999999999977,m,speed,8.299,m/s,cadence,83,rpm,temperature,21,C,,,,,,,,,,,,,,,,,,,,,,
Data,6,record,timestamp,746676224,s,position_lat,405342318,semicircles,position_long,-1412953773,semicircles,distance,1543.56,m,altitude,12.799999999999955,m,speed,8.43,m/s,cadence,83,rpm,temperature,21,C,,,,,,,,,,,,,,,,,,,,,,
Data,6,record,timestamp,746676225,s,position_lat,405342920,semicircles,position_long,-1412954174,semicircles,distance,1551.01,m,altitude,13.200000000000045,m,speed,7.458,m/s,cadence,0,rpm,temperature,21,C,,,,,,,,,,,,,,,,,,,,,,
Data,6,record,timestamp,746676226,s,position_lat,405343381,semicircles,position_long,-1412954486,semicircles,distance,1556.97,m,altitude,13.200000000000045,m,speed,5.958,m/s,cadence,0,rpm,temperature,21,C,,,,,,,,,,,,,,,,,,,,,,
Data,6,record,timestamp,746676227,s,position_lat,405343789,semicircles,position_long,-1412954631,semicircles,distance,1561.86,m,altitude,13.200000000000045,m,speed,4.885,m/s,cadence,0,rpm,temperature,21,C,,,,,,,,,,,,,,,,,,,,,,
Data,6,record,timestamp,746676229,s,position_lat,405344430,semicircles,position_long,-1412953963,semicircles,distance,1570.43,m,altitude,12.799999999999955,m,speed,4.357,m/s,cadence,0,rpm,temperature,21,C,,,,,,,,,,,,,,,,,,,,,,
Data,6,record,timestamp,746676230,s,position_lat,405344564,semicircles,position_long,-1412953362,semicircles,distance,1574.85,m,altitude,12.399999999999977,m,speed,4.429,m/s,cadence,23,rpm,temperature,21,C,,,,,,,,,,,,,,,,,,,,,,
Data,6,record,timestamp,746676231,s,position_lat,405344738,semicircles,position_long,-1412952749,semicircles,distance,1579.37,m,altitude,12.0,m,speed,4.513,m/s,cadence,48,rpm,temperature,21,C,,,,,,,,,,,,,,,,,,,,,,
Data,6,record,timestamp,746676232,s,position_lat,405344955,semicircles,position_long,-1412952151,semicircles,distance,1584.24,m,altitude,11.600000000000023,m,speed,4.874,m/s,cadence,52,rpm,temperature,21,C,,,,,,,,,,,,,,,,,,,,,,
Data,6,record,timestamp,746676233,s,position_lat,405345237,semicircles,position_long,-1412951558,semicircles,distance,1589.37,m,altitude,11.199999999999989,m,speed,5.132,m/s,cadence,58,rpm,temperature,21,C,,,,,,,,,,,,,,,,,,,,,,
Data,6,record,timestamp,746676234,s,position_lat,405345566,semicircles,position_long,-1412950994,semicircles,distance,1594.7,m,altitude,11.199999999999989,m,speed,5.324,m/s,cadence,61,rpm,temperature,21,C,,,,,,,,,,,,,,,,,,,,,,
Data,6,record,timestamp,746676242,s,position_lat,405348486,semicircles,position_long,-1412946557,semicircles,distance,1639.31,m,altitude,11.199999999999989,m,speed,5.35,m/s,cadence,64,rpm,temperature,21,C,,,,,,,,,,,,,,,,,,,,,,
Data,6,record,timestamp,746676243,s,position_lat,405348678,semicircles,position_long,-1412946154,semicircles,distance,1643.87,m,altitude,11.199999999999989,m,speed,4.562,m/s,cadence,64,rpm,temperature,21,C,,,,,,,,,,,,,,,,,,,,,,
Data,6,record,timestamp,746676245,s,position_lat,405348748,semicircles,position_long,-1412945749,semicircles,distance,1650.12,m,altitude,11.199999999999989,m,speed,2.73,m/s,cadence,0,rpm,temperature,21,C,,,,,,,,,,,,,,,,,,,,,,
Data,2,event,timestamp,746676246,s,timer_trigger,1,,event,0,,event_type,4,,event_group,0,,,,,,,,,,,,,,,,,,,,,,,,,,,,,,,,
Data,6,record,timestamp,746676246,s,position_lat,405348700,semicircles,position_long,-1412945669,semicircles,distance,1650.12,m,altitude,11.199999999999989,m,speed,0.0,m/s,cadence,0,rpm,temperature,21,C,,,,,,,,,,,,,,,,,,,,,,
Data,2,event,timestamp,746676249,s,timer_trigger,1,,event,0,,event_type,0,,event_group,0,,,,,,,,,,,,,,,,,,,,,,,,,,,,,,,,
Data,6,record,timestamp,746676249,s,position_lat,405348186,semicircles,position_long,-1412945963,semicircles,distance,1650.12,m,altitude,11.199999999999989,m,speed,1.051,m/s,cadence,0,rpm,temperature,20,C,,,,,,,,,,,,,,,,,,,,,,
Data,6,record,timestamp,746676250,s,position_lat,405347912,semicircles,position_long,-1412946290,semicircles,distance,1652.53,m,altitude,11.199999999999989,m,speed,2.412,m/s,cadence,0,rpm,temperature,20,C,,,,,,,,,,,,,,,,,,,,,,
Data,6,record,timestamp,746676253,s,position_lat,405346725,semicircles,position_long,-1412948100,semicircles,distance,1666.27,m,altitude,11.199999999999989,m,speed,5.93,m/s,cadence,70,rpm,temperature,20,C,,,,,,,,,,,,,,,,,,,,,,
Data,6,record,timestamp,746676259,s,position_lat,405343320,semicircles,position_long,-1412952886,semicircles,distance,1713.41,m,altitude,11.199999999999989,m,speed,8.54,m/s,cadence,99,rpm,temperature,20,C,,,,,,,,,,,,,,,,,,,,,,
Data,6,record,timestamp,746676261,s,position_lat,405342138,semicircles,position_long,-1412954794,semicircles,distance,1731.11,m,altitude,11.199999999999989,m,speed,8.914,m/s,cadence,103,rpm,temperature,20,C,,,,,,,,,,,,,,,,,,,,,,
Data,6,record,timestamp,746676263,s,position_lat,405341152,semicircles,position_long,-1412956703,semicircles,distance,1748.79,m,altitude,11.199999999999989,m,speed,8.714,m/s,cadence,99,rpm,temperature,20,C,,,,,,,,,,,,,,,,,,,,,,
Data,6,record,timestamp,746676268,s,position_lat,405338980,semicircles,position_long,-1412961027,semicircles,distance,1787.72,m,altitude,11.199999999999989,m,speed,7.625,m/s,cadence,88,rpm,temperature,20,C,,,,,,,,,,,,,,,,,,,,,,
Data,6,record,timestamp,746676276,s,position_lat,405335068,semicircles,position_long,-1412967557,semicircles,distance,1849.92,m,altitude,11.199999999999989,m,speed,7.856,m/s,cadence,91,rpm,temperature,20,C,,,,,,,,,,,,,,,,,,,,,,
Data,6,record,timestamp,746676277,s,position_lat,405334612,semicircles,position_long,-1412968386,semicircles,distance,1857.78,m,altitude,11.199999999999989,m,speed,7.856,m/s,cadence,90,rpm,temperature,20,C,,,,,,,,,,,,,,,,,,,,,,
Data,6,record,timestamp,746676283,s,position_lat,405332471,semicircles,position_long,-1412973397,semicircles,distance,1902.15,m,altitude,11.199999999999989,m,speed,7.006,m/s,cadence,81,rpm,temperature,20,C,,,,,,,,,,,,,,,,,,,,,,
Data,6,record,timestamp,746676289,s,position_lat,405330550,semicircles,position_long,-1412977967,semicircles,distance,1942.93,m,altitude,11.199999999999989,m,speed,6.555,m/s,cadence,69,rpm,temperature,20,C,,,,,,,,,,,,,,,,,,,,,,
Data,6,record,timestamp,746676290,s,position_lat,405330202,semicircles,position_long,-1412978634,semicircles,distance,1948.53,m,altitude,11.199999999999989,m,speed,5.594,m/s,cadence,50,rpm,temperature,20,C,,,,,,,,,,,,,,,,,,,,,,
Data,6,record,timestamp,746676293,s,position_lat,405329152,semicircles,position_long,-1412980678,semicircles,distance,1966.92,m,altitude,11.199999999999989,m,speed,6.379,m/s,cadence,75,rpm,temperature,20,C,,,,,,,,,,,,,,,,,,,,,,
Data,6,record,timestamp,746676295,s,position_lat,405328247,semicircles,position_long,-1412982175,semicircles,distance,1980.74,m,altitude,11.199999999999989,m,speed,7.099,m/s,cadence,82,rpm,temperature,20,C,,,,,,,,,,,,,,,,,,,,,,
Data,6,record,timestamp,746676296,s,position_lat,405327761,semicircles,position_long,-1412982941,semicircles,distance,1988.08,m,altitude,11.199999999999989,m,speed,7.343,m/s,cadence,85,rpm,temperature,20,C,,,,,,,,,,,,,,,,,,,,,,
Data,6,record,timestamp,746676299,s,position_lat,405326328,semicircles,position_long,-1412985325,semicircles,distance,2010.97,m,altitude,11.199999999999989,m,speed,7.757,m/s,cadence,90,rpm,temperature,20,C,,,,,,,,,,,,,,,,,,,,,,
Data,6,record,timestamp,746676300,s,position_lat,405325856,semicircles,position_long,-1412986224,semicircles,distance,2018.88,m,altitude,11.199999999999989,m,speed,7.915,m/s,cadence,91,rpm,temperature,20,C,,,,,,,,,,,,,,,,,,,,,,
Data,6,record,timestamp,746676304,s,position_lat,405324038,semicircles,position_long,-1412989515,semicircles,distance,2050.08,m,altitude,11.600000000000023,m,speed,7.715,m/s,cadence,89,rpm,temperature,20,C,,,,,,,,,,,,,,,,,,,,,,
Data,6,record,timestamp,746676305,s,position_lat,405323571,semicircles,position_long,-1412990323,semicircles,distance,2057.82,m,altitude,12.0,m,speed,7.743,m/s,cadence,89,rpm,temperature,20,C,,,,,,,,,,,,,,,,,,,,,,
Data,6,record,timestamp,746676306,s,position_lat,405323081,semicircles,position_long,-1412991185,semicircles,distance,2065.6,m,altitude,12.399999999999977,m,speed,7.771,m/s,cadence,89,rpm,temperature,20,C,,,,,,,,,,,,,,,,,,,,,,
Data,6,record,timestamp,746676307,s,position_lat,405322613,semicircles,position_long,-1412992005,semicircles,distance,2073.28,m,altitude,12.799999999999955,m,speed,7.687,m/s,cadence,89,rpm,temperature,20,C,,,,,,,,,,,,,,,,,,,,,,
Data,6,record,timestamp,746676308,s,position_lat,405322147,semicircles,position_long,-1412992784,semicircles,distance,2080.91,m,altitude,13.200000000000045,m,speed,7.632,m/s,cadence,88,rpm,temperature,20,C,,,,,,,,,,,,,,,,,,,,,,
Data,6,record,timestamp,746676313,s,position_lat,405319813,semicircles,position_long,-1412996944,semicircles,distance,2119.13,m,altitude,13.200000000000045,m,speed,7.731,m/s,cadence,89,rpm,temperature,20,C,,,,,,,,,,,,,,,,,,,,,,
Data,6,record,timestamp,746676321,s,position_lat,405316071,semicircles,position_long,-1413003430,semicircles,distance,2180.43,m,altitude,13.200000000000045,m,speed,7.704,m/s,cadence,89,rpm,temperature,20,C,,,,,,,,,,,,,,,,,,,,,,
Data,6,record,timestamp,746676329,s,position_lat,405312382,semicircles,position_long,-1413010009,semicircles,distance,2241.98,m,altitude,12.799999999999955,m,speed,7.756,m/s,cadence,90,rpm,temperature,20,C,,,,,,,,,,,,,,,,,,,,,,
Data,6,record,timestamp,746676330,s,position_lat,405311917,semicircles,position_long,-1413010834,semicircles,distance,2249.79,m,altitude,12.399999999999977,m,speed,7.813,m/s,cadence,90,rpm,temperature,20,C,,,,,,,,,,,,,,,,,,,,,,
Data,6,record,timestamp,746676331,s,position_lat,405311458,semicircles,position_long,-1413011678,semicircles,distance,2257.6,m,altitude,12.0,m,speed,7.813,m/s,cadence,91,rpm,temperature,20,C,,,,,,,,,,,,,,,,,,,,,,
Data,6,record,timestamp,746676332,s,position_lat,405310990,semicircles,position_long,-1413012504,semicircles,distance,2265.42,m,altitude,11.600000000000023,m,speed,7.813,m/s,cadence,91,rpm,temperature,20,C,,,,,,,,,,,,,,,,,,,,,,
Data,6,record,timestamp,746676333,s,position_lat,405310509,semicircles,position_long,-1413013337,semicircles,distance,2273.17,m,altitude,11.199999999999989,m,speed,7.756,m/s,cadence,90,rpm,temperature,20,C,,,,,,,,,,,,,,,,,,,,,,
Data,6,record,timestamp,746676340,s,position_lat,405307229,semicircles,position_long,-1413019133,semicircles,distance,2327.24,m,altitude,11.199999999999989,m,speed,7.735,m/s,cadence,89,rpm,temperature,20,C,,,,,,,,,,,,,,,,,,,,,,
Data,6,record,timestamp,746676348,s,position_lat,405303392,semicircles,position_long,-1413025801,semicircles,distance,2389.58,m,altitude,11.199999999999989,m,speed,7.907,m/s,cadence,91,rpm,temperature,20,C,,,,,,,,,,,,,,,,,,,,,,
Data,6,record,timestamp,746676349,s,position_lat,405302921,semicircles,position_long,-1413026620,semicircles,distance,2397.46,m,altitude,11.199999999999989,m,speed,7.878,m/s,cadence,91,rpm,temperature,20,C,,,,,,,,,,,,,,,,,,,,,,
Data,6,record,timestamp,746676356,s,position_lat,405299482,semicircles,position_long,-1413032379,semicircles,distance,2452.67,m,altitude,11.199999999999989,m,speed,7.981,m/s,cadence,92,rpm,temperature,20,C,,,,,,,,,,,,,,,,,,,,,,
Data,6,record,timestamp,746676363,s,position_lat,405296299,semicircles,position_long,-1413038334,semicircles,distance,2507.89,m,altitude,11.199999999999989,m,speed,7.864,m/s,cadence,90,rpm,temperature,20,C,,,,,,,,,,,,,,,,,,,,,,
Data,6,record,timestamp,746676371,s,position_lat,405292506,semicircles,position_long,-1413045026,semicircles,distance,2570.8,m,altitude,11.199999999999989,m,speed,7.838,m/s,cadence,91,rpm,temperature,19,C,,,,,,,,,,,,,,,,,,,,,,
Data,6,record,timestamp,746676378,s,position_lat,405289200,semicircles,position_long,-1413050981,semicircles,distance,2625.7,m,altitude,11.199999999999989,m,speed,7.841,m/s,cadence,91,rpm,temperature,19,C,,,,,,,,,,,,,,,,,,,,,,
Data,6,record,timestamp,746676384,s,position_lat,405286310,semicircles,position_long,-1413056013,semicircles,distance,2672.78,m,altitude,11.199999999999989,m,speed,7.756,m/s,cadence,90,rpm,temperature,19,C,,,,,,,,,,,,,,,,,,,,,,
Data,6,record,timestamp,746676392,s,position_lat,405282594,semicircles,position_long,-1413062585,semicircles,distance,2734.61,m,altitude,11.199999999999989,m,speed,7.767,m/s,cadence,90,rpm,temperature,19,C,,,,,,,,,,,,,,,,,,,,,,
Data,6,record,timestamp,746676393,s,position_lat,405282112,semicircles,position_long,-1413063435,semicircles,distance,2742.38,m,altitude,11.199999999999989,m,speed,7.767,m/s,cadence,90,rpm,temperature,19,C,,,,,,,,,,,,,,,,,,,,,,
Data,6,record,timestamp,746676401,s,position_lat,405278299,semicircles,position_long,-1413070014,semicircles,distance,2804.96,m,altitude,11.199999999999989,m,speed,7.795,m/s,cadence,90,rpm,temperature,19,C,,,,,,,,,,,,,,,,,,,,,,
Data,6,record,timestamp,746676402,s,position_lat,405277811,semicircles,position_long,-1413070843,semicircles,distance,2812.76,m,altitude,11.199999999999989,m,speed,7.795,m/s,cadence,90,rpm,temperature,19,C,,,,,,,,,,,,,,,,,,,,,,
Data,6,record,timestamp,746676409,s,position_lat,405274367,semicircles,position_long,-1413076745,semicircles,distance,2868.12,m,altitude,11.199999999999989,m,speed,7.988,m/s,cadence,92,rpm,temperature,19,C,,,,,,,,,,,,,,,,,,,,,,
Data,6,record,timestamp,746676417,s,position_lat,405270488,semicircles,position_long,-1413083735,semicircles,distance,2932.73,m,altitude,11.199999999999989,m,speed,8.11,m/s,cadence,94,rpm,temperature,19,C,,,,,,,,,,,,,,,,,,,,,,
Data,6,record,timestamp,746676424,s,position_lat,405266985,semicircles,position_long,-1413089656,semicircles,distance,2989.19,m,altitude,11.199999999999989,m,speed,7.888,m/s,cadence,92,rpm,temperature,19,C,,,,,,,,,,,,,,,,,,,,,,
Data,6,record,timestamp,746676425,s,position_lat,405266486,semicircles,position_long,-1413090496,semicircles,distance,2997.16,m,altitude,11.199999999999989,m,speed,7.977,m/s,cadence,92,rpm,temperature,19,C,,,,,,,,,,,,,,,,,,,,,,
Data,6,record,timestamp,746676430,s,position_lat,405264214,semicircles,position_long,-1413094800,semicircles,distance,3037.05,m,altitude,11.199999999999989,m,speed,7.801,m/s,cadence,83,rpm,temperature,19,C,,,,,,,,,,,,,,,,,,,,,,
Data,6,record,timestamp,746676434,s,position_lat,405262767,semicircles,position_long,-1413097552,semicircles,distance,3064.61,m,altitude,11.199999999999989,m,speed,6.138,m/s,cadence,0,rpm,temperature,19,C,,,,,,,,,,,,,,,,,,,,,,
Data,6,record,timestamp,746676435,s,position_lat,405262810,semicircles,position_long,-1413098090,semicircles,distance,3069.93,m,altitude,11.199999999999989,m,speed,5.311,m/s,cadence,0,rpm,temperature,19,C,,,,,,,,,,,,,,,,,,,,,,
Data,6,record,timestamp,746676438,s,position_lat,405264145,semicircles,position_long,-1413099051,semicircles,distance,3084.31,m,altitude,11.199999999999989,m,speed,5.12,m/s,cadence,59,rpm,temperature,19,C,,,,,,,,,,,,,,,,,,,,,,
Data,6,record,timestamp,746676440,s,position_lat,405265283,semicircles,position_long,-1413099995,semicircles,distance,3096.18,m,altitude,11.199999999999989,m,speed,6.32,m/s,cadence,75,rpm,temperature,19,C,,,,,,,,,,,,,,,,,,,,,,
Data,6,record,timestamp,746676442,s,position_lat,405266601,semicircles,position_long,-1413101092,semicircles,distance,3110.93,m,altitude,11.199999999999989,m,speed,7.745,m/s,cadence,83,rpm,temperature,19,C,,,,,,,,,,,,,,,,,,,,,,
Data,6,record,timestamp,746676451,s,position_lat,405272609,semicircles,position_long,-1413106084,semicircles,distance,3177.06,m,altitude,11.199999999999989,m,speed,7.294,m/s,cadence,84,rpm,temperature,19,C,,,,,,,,,,,,,,,,,,,,,,
Data,6,record,timestamp,746676452,s,position_lat,405273247,semicircles,position_long,-1413106604,semicircles,distance,3184.3,m,altitude,11.199999999999989,m,speed,7.244,m/s,cadence,83,rpm,temperature,19,C,,,,,,,,,,,,,,,,,,,,,,
Data,6,record,timestamp,746676458,s,position_lat,405277051,semicircles,position_long,-1413109633,semicircles,distance,3226.53,m,altitude,11.199999999999989,m,speed,7.042,m/s,cadence,81,rpm,temperature,19,C,,,,,,,,,,,,,,,,,,,,,,
Data,6,record,timestamp,746676459,s,position_lat,405277750,semicircles,position_long,-1413110093,semicircles,distance,3233.6,m,altitude,11.199999999999989,m,speed,7.066,m/s,cadence,81,rpm,temperature,19,C,,,,,,,,,,,,,,,,,,,,,,
Data,6,record,timestamp,746676461,s,position_lat,405279303,semicircles,position_long,-1413110451,semicircles,distance,3248.31,m,altitude,11.199999999999989,m,speed,7.308,m/s,cadence,34,rpm,temperature,19,C,,,,,,,,,,,,,,,,,,,,,,
Data,6,record,timestamp,746676464,s,position_lat,405281944,semicircles,position_long,-1413110161,semicircles,distance,3272.9,m,altitude,11.199999999999989,m,speed,8.536,m/s,cadence,99,rpm,temperature,19,C,,,,,,,,,,,,,,,,,,,,,,
Data,6,record,timestamp,746676465,s,position_lat,405282854,semicircles,position_long,-1413110138,semicircles,distance,3281.65,m,altitude,11.199999999999989,m,speed,8.745,m/s,cadence,101,rpm,temperature,19,C,,,,,,,,,,,,,,,,,,,,,,
Data,6,record,timestamp,746676472,s,position_lat,405289585,semicircles,position_long,-1413110254,semicircles,distance,3343.45,m,altitude,11.199999999999989,m,speed,8.745,m/s,cadence,96,rpm,temperature,19,C,,,,,,,,,,,,,,,,,,,,,,
Data,6,record,timestamp,746676478,s,position_lat,405295312,semicircles,position_long,-1413110067,semicircles,distance,3396.86,m,altitude,11.199999999999989,m,speed,9.207,m/s,cadence,96,rpm,temperature,19,C,,,,,,,,,,,,,,,,,,,,,,
Data,6,record,timestamp,746676485,s,position_lat,405302553,semicircles,position_long,-1413110124,semicircles,distance,3463.87,m,altitude,11.199999999999989,m,speed,9.776,m/s,cadence,102,rpm,temperature,19,C,,,,,,,,,,,,,,,,,,,,,,
Data,6,record,timestamp,746676486,s,position_lat,405303581,semicircles,position_long,-1413110130,semicircles,distance,3473.62,m,altitude,11.199999999999989,m,speed,9.753,m/s,cadence,102,rpm,temperature,19,C,,,,,,,,,,,,,,,,,,,,,,
Data,6,record,timestamp,746676493,s,position_lat,405311002,semicircles,position_long,-1413110181,semicircles,distance,3542.21,m,altitude,11.199999999999989,m,speed,9.889,m/s,cadence,103,rpm,temperature,19,C,,,,,,,,,,,,,,,,,,,,,,
Data,6,record,timestamp,746676495,s,position_lat,405313172,semicircles,position_long,-1413110164,semicircles,distance,3562.08,m,altitude,11.199999999999989,m,speed,9.981,m/s,cadence,104,rpm,temperature,19,C,,,,,,,,,,,,,,,,,,,,,,
Data,6,record,timestamp,746676497,s,position_lat,405315366,semicircles,position_long,-1413110152,semicircles,distance,3582.13,m,altitude,10.800000000000011,m,speed,10.028,m/s,cadence,105,rpm,temperature,19,C,,,,,,,,,,,,,,,,,,,,,,
Data,6,record,timestamp,746676498,s,position_lat,405316443,semicircles,position_long,-1413110141,semicircles,distance,3592.21,m,altitude,10.199999999999989,m,speed,10.075,m/s,cadence,105,rpm,temperature,19,C,,,,,,,,,,,,,,,,,,,,,,
Data,6,record,timestamp,746676499,s,position_lat,405317533,semicircles,position_long,-1413110121,semicircles,distance,3602.28,m,altitude,9.800000000000011,m,speed,10.075,m/s,cadence,106,rpm,temperature,19,C,,,,,,,,,,,,,,,,,,,,,,
Data,6,record,timestamp,746676500,s,position_lat,405318617,semicircles,position_long,-1413110119,semicircles,distance,3612.52,m,altitude,9.0,m,speed,10.235,m/s,cadence,106,rpm,temperature,19,C,,,,,,,,,,,,,,,,,,,,,,
Data,6,record,timestamp,746676502,s,position_lat,405320820,semicircles,position_long,-1413109846,semicircles,distance,3633.04,m,altitude,9.0,m,speed,10.284,m/s,cadence,107,rpm,temperature,19,C,,,,,,,,,,,,,,,,,,,,,,
Data,6,record,timestamp,746676506,s,position_lat,405324997,semicircles,position_long,-1413107689,semicircles,distance,3674.7,m,altitude,9.0,m,speed,10.485,m/s,cadence,98,rpm,temperature,18,C,,,,,,,,,,,,,,,,,,,,,,
Data,6,record,timestamp,746676510,s,position_lat,405327928,semicircles,position_long,-1413103522,semicircles,distance,3716.85,m,altitude,9.0,m,speed,10.616,m/s,cadence,98,rpm,temperature,18,C,,,,,,,,,,,,,,,,,,,,,,
Data,6,record,timestamp,746676511,s,position_lat,405328479,semicircles,position_long,-1413102313,semicircles,distance,3727.36,m,altitude,9.0,m,speed,10.511,m/s,cadence,98,rpm,temperature,18,C,,,,,,,,,,,,,,,,,,,,,,
Data,6,record,timestamp,746676517,s,position_lat,405331541,semicircles,position_long,-1413095143,semicircles,distance,3789.02,m,altitude,9.0,m,speed,10.138,m/s,cadence,94,rpm,temperature,18,C,,,,,,,,,,,,,,,,,,,,,,
Data,6,record,timestamp,746676524,s,position_lat,405335029,semicircles,position_long,-1413087176,semicircles,distance,3858.55,m,altitude,9.0,m,speed,9.786,m/s,cadence,91,rpm,temperature,18,C,,,,,,,,,,,,,,,,,,,,,,
Data,6,record,timestamp,746676528,s,position_lat,405337023,semicircles,position_long,-1413082740,semicircles,distance,3896.99,m,altitude,9.0,m,speed,9.568,m/s,cadence,89,rpm,temperature,18,C,,,,,,,,,,,,,,,,,,,,,,
Data,6,record,timestamp,746676535,s,position_lat,405340497,semicircles,position_long,-1413075150,semicircles,distance,3964.55,m,altitude,9.0,m,speed,9.635,m/s,cadence,90,rpm,temperature,18,C,,,,,,,,,,,,,,,,,,,,,,
Data,6,record,timestamp,746676536,s,position_lat,405341049,semicircles,position_long,-1413074051,semicircles,distance,3974.23,m,altitude,9.0,m,speed,9.679,m/s,cadence,90,rpm,temperature,18,C,,,,,,,,,,,,,,,,,,,,,,
Data,6,record,timestamp,746676543,s,position_lat,405344701,semicircles,position_long,-1413066338,semicircles,distance,4042.16,m,altitude,9.0,m,speed,9.79,m/s,cadence,92,rpm,temperature,18,C,,,,,,,,,,,,,,,,,,,,,,
Data,6,record,timestamp,746676545,s,position_lat,405345688,semicircles,position_long,-1413064156,semicircles,distance,4061.88,m,altitude,9.0,m,speed,9.903,m/s,cadence,85,rpm,temperature,18,C,,,,,,,,,,,,,,,,,,,,,,
Data,6,record,timestamp,746676552,s,position_lat,405348959,semicircles,position_long,-1413056836,semicircles,distance,4127.47,m,altitude,9.0,m,speed,9.242,m/s,cadence,86,rpm,temperature,18,C,,,,,,,,,,,,,,,,,,,,,,
Data,6,record,timestamp,746676559,s,position_lat,405352345,semicircles,position_long,-1413050118,semicircles,distance,4189.6,m,altitude,9.0,m,speed,8.376,m/s,cadence,77,rpm,temperature,18,C,,,,,,,,,,,,,,,,,,,,,,
Data,6,record,timestamp,746676567,s,position_lat,405355807,semicircles,position_long,-1413043266,semicircles,distance,4253.16,m,altitude,9.0,m,speed,7.74,m/s,cadence,69,rpm,temperature,18,C,,,,,,,,,,,,,,,,,,,,,,
Data,6,record,timestamp,746676569,s,position_lat,405356738,semicircles,position_long,-1413041831,semicircles,distance,4268.05,m,altitude,9.0,m,speed,7.293,m/s,cadence,69,rpm,temperature,18,C,,,,,,,,,,,,,,,,,,,,,,
Data,6,record,timestamp,746676571,s,position_lat,405357802,semicircles,position_long,-1413041161,semicircles,distance,4281.15,m,altitude,9.0,m,speed,6.161,m/s,cadence,0,rpm,temperature,18,C,,,,,,,,,,,,,,,,,,,,,,
Data,6,record,timestamp,746676575,s,position_lat,405359537,semicircles,position_long,-1413040985,semicircles,distance,4298.55,m,altitude,9.0,m,speed,3.934,m/s,cadence,0,rpm,temperature,18,C,,,,,,,,,,,,,,,,,,,,,,
Data,6,record,timestamp,746676578,s,position_lat,405360522,semicircles,position_long,-1413039735,semicircles,distance,4312.23,m,altitude,9.0,m,speed,4.743,m/s,cadence,44,rpm,temperature,18,C,,,,,,,,,,,,,,,,,,,,,,
Data,6,record,timestamp,746676580,s,position_lat,405361161,semicircles,position_long,-1413038459,semicircles,distance,4322.55,m,altitude,9.0,m,speed,5.333,m/s,cadence,50,rpm,temperature,18,C,,,,,,,,,,,,,,,,,,,,,,
Data,6,record,timestamp,746676584,s,position_lat,405362415,semicircles,position_long,-1413035825,semicircles,distance,4345.58,m,altitude,9.0,m,speed,5.989,m/s,cadence,55,rpm,temperature,18,C,,,,,,,,,,,,,,,,,,,,,,
Data,6,record,timestamp,746676592,s,position_lat,405365012,semicircles,position_long,-1413030461,semicircles,distance,4395.02,m,altitude,9.0,m,speed,6.306,m/s,cadence,58,rpm,temperature,18,C,,,,,,,,,,,,,,,,,,,,,,
Data,6,record,timestamp,746676593,s,position_lat,405365406,semicircles,position_long,-1413029948,semicircles,distance,4401.23,m,altitude,9.0,m,speed,6.215,m/s,cadence,58,rpm,temperature,18,C,,,,,,,,,,,,,,,,,,,,,,
Data,6,record,timestamp,746676595,s,position_lat,405366560,semicircles,position_long,-1413029179,semicircles,distance,4413.96,m,altitude,9.0,m,speed,6.362,m/s,cadence,59,rpm,temperature,18,C,,,,,,,,,,,,,,,,,,,,,,
Data,6,record,timestamp,746676598,s,position_lat,405368491,semicircles,position_long,-1413029660,semicircles,distance,4433.41,m,altitude,9.0,m,speed,6.478,m/s,cadence,60,rpm,temperature,18,C,,,,,,,,,,,,,,,,,,,,,,
Data,6,record,timestamp,746676599,s,position_lat,405369087,semicircles,position_long,-1413030065,semicircles,distance,4439.91,m,altitude,9.399999999999977,m,speed,6.497,m/s,cadence,60,rpm,temperature,18,C,,,,,,,,,,,,,,,,,,,,,,
Data,6,record,timestamp,746676600,s,position_lat,405369694,semicircles,position_long,-1413030499,semicircles,distance,4446.57,m,altitude,9.800000000000011,m,speed,6.659,m/s,cadence,61,rpm,temperature,18,C,,,,,,,,,,,,,,,,,,,,,,
Data,6,record,timestamp,746676601,s,position_lat,405370290,semicircles,position_long,-1413030943,semicircles,distance,4453.27,m,altitude,10.199999999999989,m,speed,6.7,m/s,cadence,61,rpm,temperature,18,C,,,,,,,,,,,,,,,,,,,,,,
Data,6,record,timestamp,746676602,s,position_lat,405370881,semicircles,position_long,-1413031378,semicircles,distance,4459.67,m,altitude,10.600000000000023,m,speed,6.4,m/s,cadence,61,rpm,temperature,18,C,,,,,,,,,,,,,,,,,,,,,,
Data,6,record,timestamp,746676603,s,position_lat,405371512,semicircles,position_long,-1413031812,semicircles,distance,4466.01,m,altitude,11.0,m,speed,6.343,m/s,cadence,0,rpm,temperature,18,C,,,,,,,,,,,,,,,,,,,,,,
Data,6,record,timestamp,746676606,s,position_lat,405373290,semicircles,position_long,-1413033068,semicircles,distance,4485.08,m,altitude,11.0,m,speed,6.458,m/s,cadence,59,rpm,temperature,18,C,,,,,,,,,,,,,,,,,,,,,,
Data,6,record,timestamp,746676608,s,position_lat,405374503,semicircles,position_long,-1413033954,semicircles,distance,4498.22,m,altitude,11.0,m,speed,6.618,m/s,cadence,61,rpm,temperature,18,C,,,,,,,,,,,,,,,,,,,,,,
Data,6,record,timestamp,746676613,s,position_lat,405377340,semicircles,position_long,-1413035788,semicircles,distance,4530.09,m,altitude,11.0,m,speed,6.04,m/s,cadence,0,rpm,temperature,18,C,,,,,,,,,,,,,,,,,,,,,,
Data,6,record,timestamp,746676619,s,position_lat,405380594,semicircles,position_long,-1413038098,semicircles,distance,4565.07,m,altitude,11.0,m,speed,6.019,m/s,cadence,55,rpm,temperature,18,C,,,,,,,,,,,,,,,,,,,,,,
Data,6,record,timestamp,746676627,s,position_lat,405384886,semicircles,position_long,-1413040985,semicircles,distance,4611.29,m,altitude,11.0,m,speed,5.823,m/s,cadence,53,rpm,temperature,18,C,,,,,,,,,,,,,,,,,,,,,,
Data,6,record,timestamp,746676628,s,position_lat,405385428,semicircles,position_long,-1413041372,semicircles,distance,4617.1,m,altitude,11.0,m,speed,5.807,m/s,cadence,47,rpm,temperature,18,C,,,,,,,,,,,,,,,,,,,,,,
Data,6,record,timestamp,746676632,s,position_lat,405387305,semicircles,position_long,-1413043505,semicircles,distance,4640.75,m,altitude,11.0,m,speed,5.969,m/s,cadence,56,rpm,temperature,18,C,,,,,,,,,,,,,,,,,,,,,,
Data,6,record,timestamp,746676635,s,position_lat,405388173,semicircles,position_long,-1413045650,semicircles,distance,4659.06,m,altitude,11.0,m,speed,6.158,m/s,cadence,58,rpm,temperature,18,C,,,,,,,,,,,,,,,,,,,,,,
Data,6,record,timestamp,746676636,s,position_lat,405388410,semicircles,position_long,-1413046425,semicircles,distance,4665.37,m,altitude,11.0,m,speed,6.304,m/s,cadence,59,rpm,temperature,18,C,,,,,,,,,,,,,,,,,,,,,,
Data,6,record,timestamp,746676641,s,position_lat,405389397,semicircles,position_long,-1413050050,semicircles,distance,4697.46,m,altitude,11.0,m,speed,6.322,m/s,cadence,0,rpm,temperature,18,C,,,,,,,,,,,,,,,,,,,,,,
Data,6,record,timestamp,746676642,s,position_lat,405389495,semicircles,position_long,-1413050629,semicircles,distance,4703.08,m,altitude,11.0,m,speed,5.623,m/s,cadence,0,rpm,temperature,18,C,,,,,,,,,,,,,,,,,,,,,,
Data,6,record,timestamp,746676646,s,position_lat,405390063,semicircles,position_long,-1413052776,semicircles,distance,4721.69,m,altitude,10.600000000000023,m,speed,4.299,m/s,cadence,0,rpm,temperature,18,C,,,,,,,,,,,,,,,,,,,,,,
Data,6,record,timestamp,746676647,s,position_lat,405390238,semicircles,position_long,-1413053201,semicircles,distance,4725.47,m,altitude,10.199999999999989,m,speed,3.775,m/s,cadence,0,rpm,temperature,18,C,,,,,,,,,,,,,,,,,,,,,,
Data,6,record,timestamp,746676648,s,position_lat,405390527,semicircles,position_long,-1413053577,semicircles,distance,4728.85,m,altitude,9.399999999999977,m,speed,3.386,m/s,cadence,0,rpm,temperature,18,C,,,,,,,,,,,,,,,,,,,,,,
Data,6,record,timestamp,746676649,s,position_lat,405390832,semicircles,position_long,-1413053905,semicircles,distance,4732.09,m,altitude,9.0,m,speed,3.233,m/s,cadence,0,rpm,temperature,18,C,,,,,,,,,,,,,,,,,,,,,,
Data,6,record,timestamp,746676650,s,position_lat,405391143,semicircles,position_long,-1413054272,semicircles,distance,4735.65,m,altitude,9.0,m,speed,3.561,m/s,cadence,0,rpm,temperature,18,C,,,,,,,,,,,,,,,,,,,,,,
Data,6,record,timestamp,746676655,s,position_lat,405393078,semicircles,position_long,-1413055792,semicircles,distance,4755.48,m,altitude,9.0,m,speed,4.489,m/s,cadence,40,rpm,temperature,18,C,,,,,,,,,,,,,,,,,,,,,,
Data,6,record,timestamp,746676660,s,position_lat,405396317,semicircles,position_long,-1413057559,semicircles,distance,4785.63,m,altitude,9.0,m,speed,6.762,m/s,cadence,63,rpm,temperature,18,C,,,,,,,,,,,,,,,,,,,,,,
Data,6,record,timestamp,746676667,s,position_lat,405400683,semicircles,position_long,-1413060692,semicircles,distance,4832.89,m,altitude,9.0,m,speed,6.575,m/s,cadence,59,rpm,temperature,18,C,,,,,,,,,,,,,,,,,,,,,,
Data,6,record,timestamp,746676668,s,position_lat,405401242,semicircles,position_long,-1413061056,semicircles,distance,4839.29,m,altitude,9.0,m,speed,6.398,m/s,cadence,58,rpm,temperature,18,C,,,,,,,,,,,,,,,,,,,,,,
Data,6,record,timestamp,746676670,s,position_lat,405402277,semicircles,position_long,-1413060885,semicircles,distance,4851.01,m,altitude,9.0,m,speed,5.451,m/s,cadence,29,rpm,temperature,18,C,,,,,,,,,,,,,,,,,,,,,,
Data,6,record,timestamp,746676673,s,position_lat,405403335,semicircles,position_long,-1413059460,semicircles,distance,4865.68,m,altitude,9.0,m,speed,5.088,m/s,cadence,46,rpm,temperature,18,C,,,,,,,,,,,,,,,,,,,,,,
Data,6,record,timestamp,746676676,s,position_lat,405404807,semicircles,position_long,-1413059672,semicircles,distance,4881.11,m,altitude,9.0,m,speed,5.212,m/s,cadence,50,rpm,temperature,18,C,,,,,,,,,,,,,,,,,,,,,,
Data,6,record,timestamp,746676679,s,position_lat,405406524,semicircles,position_long,-1413061233,semicircles,distance,4898.76,m,altitude,9.0,m,speed,6.322,m/s,cadence,61,rpm,temperature,18,C,,,,,,,,,,,,,,,,,,,,,,
Data,6,record,timestamp,746676680,s,position_lat,405407158,semicircles,position_long,-1413061776,semicircles,distance,4905.48,m,altitude,9.0,m,speed,6.72,m/s,cadence,64,rpm,temperature,18,C,,,,,,,,,,,,,,,,,,,,,,
Data,6,record,timestamp,746676688,s,position_lat,405412601,semicircles,position_long,-1413065560,semicircles,distance,4962.04,m,altitude,9.0,m,speed,7.099,m/s,cadence,67,rpm,temperature,18,C,,,,,,,,,,,,,,,,,,,,,,
Data,6,record,timestamp,746676694,s,position_lat,405416185,semicircles,position_long,-1413068892,semicircles,distance,5004.53,m,altitude,9.0,m,speed,6.916,m/s,cadence,64,rpm,temperature,18,C,,,,,,,,,,,,,,,,,,,,,,
Data,6,record,timestamp,746676695,s,position_lat,405416689,semicircles,position_long,-1413069484,semicircles,distance,5011.61,m,altitude,9.0,m,speed,7.076,m/s,cadence,64,rpm,temperature,18,C,,,,,,,,,,,,,,,,,,,,,,
Data,6,record,timestamp,746676697,s,position_lat,405417245,semicircles,position_long,-1413070938,semicircles,distance,5024.76,m,altitude,9.0,m,speed,6.437,m/s,cadence,0,rpm,temperature,18,C,,,,,,,,,,,,,,,,,,,,,,
Data,6,record,timestamp,746676700,s,position_lat,405417555,semicircles,position_long,-1413072583,semicircles,distance,5040.76,m,altitude,9.0,m,speed,4.556,m/s,cadence,0,rpm,temperature,18,C,,,,,,,,,,,,,,,,,,,,,,
Data,6,record,timestamp,746676701,s,position_lat,405417771,semicircles,position_long,-1413072963,semicircles,distance,5044.3,m,altitude,9.0,m,speed,3.538,m/s,cadence,0,rpm,temperature,18,C,,,,,,,,,,,,,,,,,,,,,,
Data,6,record,timestamp,746676702,s,position_lat,405417895,semicircles,position_long,-1413073417,semicircles,distance,5047.7,m,altitude,9.0,m,speed,3.403,m/s,cadence,0,rpm,temperature,18,C,,,,,,,,,,,,,,,,,,,,,,
Data,6,record,timestamp,746676704,s,position_lat,405418540,semicircles,position_long,-1413074086,semicircles,distance,5054.92,m,altitude,9.0,m,speed,3.782,m/s,cadence,36,rpm,temperature,18,C,,,,,,,,,,,,,,,,,,,,,,
Data,6,record,timestamp,746676708,s,position_lat,405420763,semicircles,position_long,-1413075364,semicircles,distance,5076.16,m,altitude,9.0,m,speed,6.141,m/s,cadence,39,rpm,temperature,18,C,,,,,,,,,,,,,,,,,,,,,,
Data,6,record,timestamp,746676714,s,position_lat,405425018,semicircles,position_long,-1413078383,semicircles,distance,5120.12,m,altitude,9.0,m,speed,7.771,m/s,cadence,72,rpm,temperature,18,C,,,,,,,,,,,,,,,,,,,,,,
Data,6,record,timestamp,746676719,s,position_lat,405428513,semicircles,position_long,-1413080758,semicircles,distance,5158.08,m,altitude,9.0,m,speed,7.472,m/s,cadence,70,rpm,temperature,18,C,,,,,,,,,,,,,,,,,,,,,,
Data,6,record,timestamp,746676720,s,position_lat,405429168,semicircles,position_long,-1413080793,semicircles,distance,5165.04,m,altitude,9.0,m,speed,6.961,m/s,cadence,44,rpm,temperature,18,C,,,,,,,,,,,,,,,,,,,,,,
Data,6,record,timestamp,746676724,s,position_lat,405431491,semicircles,position_long,-1413079936,semicircles,distance,5188.93,m,altitude,9.0,m,speed,5.623,m/s,cadence,52,rpm,temperature,18,C,,,,,,,,,,,,,,,,,,,,,,
Data,6,record,timestamp,746676726,s,position_lat,405432500,semicircles,position_long,-1413079597,semicircles,distance,5199.55,m,altitude,9.0,m,speed,5.187,m/s,cadence,47,rpm,temperature,18,C,,,,,,,,,,,,,,,,,,,,,,
Data,6,record,timestamp,746676728,s,position_lat,405433442,semicircles,position_long,-1413079673,semicircles,distance,5209.12,m,altitude,9.0,m,speed,4.586,m/s,cadence,43,rpm,temperature,18,C,,,,,,,,,,,,,,,,,,,,,,
Data,6,record,timestamp,746676731,s,position_lat,405434152,semicircles,position_long,-1413081019,semicircles,distance,5222.38,m,altitude,9.0,m,speed,4.257,m/s,cadence,0,rpm,temperature,18,C,,,,,,,,,,,,,,,,,,,,,,
Data,6,record,timestamp,746676734,s,position_lat,405434230,semicircles,position_long,-1413082437,semicircles,distance,5234.24,m,altitude,9.0,m,speed,3.843,m/s,cadence,0,rpm,temperature,18,C,,,,,,,,,,,,,,,,,,,,,,
Data,6,record,timestamp,746676736,s,position_lat,405434267,semicircles,position_long,-1413083157,semicircles,distance,5240.63,m,altitude,9.0,m,speed,2.797,m/s,cadence,0,rpm,temperature,18,C,,,,,,,,,,,,,,,,,,,,,,
Data,6,record,timestamp,746676737,s,position_lat,405434401,semicircles,position_long,-1413083432,semicircles,distance,5243.27,m,altitude,9.0,m,speed,2.635,m/s,cadence,0,rpm,temperature,18,C,,,,,,,,,,,,,,,,,,,,,,
Data,6,record,timestamp,746676739,s,position_lat,405434776,semicircles,position_long,-1413083617,semicircles,distance,5248.2,m,altitude,9.0,m,speed,2.423,m/s,cadence,0,rpm,temperature,18,C,,,,,,,,,,,,,,,,,,,,,,
Data,2,event,timestamp,746676742,s,timer_trigger,1,,event,0,,event_type,4,,event_group,0,,,,,,,,,,,,,,,,,,,,,,,,,,,,,,,,
Data,6,record,timestamp,746676742,s,position_lat,405434783,semicircles,position_long,-1413083705,semicircles,distance,5252.7,m,altitude,9.0,m,speed,0.0,m/s,cadence,0,rpm,temperature,18,C,,,,,,,,,,,,,,,,,,,,,,
Data,4,unknown,unknown,746676743,,unknown,3,,unknown,3,,unknown,1,,unknown,0,,,,,,,,,,,,,,,,,,,,,,,,,,,,,,,,
Data,4,unknown,unknown,746676747,,unknown,3,,unknown,3,,unknown,3,,unknown,1,,unknown,0,,,,,,,,,,,,,,,,,,,,,,,,,,,,,
Data,2,event,timestamp,746676749,s,timer_trigger,1,,event,0,,event_type,0,,event_group,0,,,,,,,,,,,,,,,,,,,,,,,,,,,,,,,,
Data,6,record,timestamp,746676749,s,position_lat,405435408,semicircles,position_long,-1413083614,semicircles,distance,5252.7,m,altitude,9.0,m,speed,2.043,m/s,cadence,64,rpm,temperature,18,C,,,,,,,,,,,,,,,,,,,,,,
Data,6,record,timestamp,746676754,s,position_lat,405437574,semicircles,position_long,-1413083450,semicircles,distance,5269.81,m,altitude,9.0,m,speed,4.265,m/s,cadence,42,rpm,temperature,18,C,,,,,,,,,,,,,,,,,,,,,,
Data,6,record,timestamp,746676755,s,position_lat,405438144,semicircles,position_long,-1413083485,semicircles,distance,5275.05,m,altitude,9.0,m,speed,5.237,m/s,cadence,44,rpm,temperature,18,C,,,,,,,,,,,,,,,,,,,,,,
Data,6,record,timestamp,746676757,s,position_lat,405439114,semicircles,position_long,-1413084058,semicircles,distance,5284.88,m,altitude,9.0,m,speed,4.935,m/s,cadence,45,rpm,temperature,18,C,,,,,,,,,,,,,,,,,,,,,,
Data,6,record,timestamp,746676761,s,position_lat,405440487,semicircles,position_long,-1413086016,semicircles,distance,5304.7,m,altitude,9.0,m,speed,4.993,m/s,cadence,48,rpm,temperature,18,C,,,,,,,,,,,,,,,,,,,,,,
Data,6,record,timestamp,746676763,s,position_lat,405440903,semicircles,position_long,-1413087416,semicircles,distance,5315.73,m,altitude,9.0,m,speed,5.668,m/s,cadence,54,rpm,temperature,18,C,,,,,,,,,,,,,,,,,,,,,,
Data,6,record,timestamp,746676765,s,position_lat,405441288,semicircles,position_long,-1413088981,semicircles,distance,5328.42,m,altitude,9.0,m,speed,6.657,m/s,cadence,44,rpm,temperature,18,C,,,,,,,,,,,,,,,,,,,,,,
Data,6,record,timestamp,746676767,s,position_lat,405441684,semicircles,position_long,-1413090593,semicircles,distance,5341.28,m,altitude,9.399999999999977,m,speed,6.555,m/s,cadence,61,rpm,temperature,18,C,,,,,,,,,,,,,,,,,,,,,,
Data,6,record,timestamp,746676768,s,position_lat,405441913,semicircles,position_long,-1413091447,semicircles,distance,5348.0,m,altitude,9.800000000000011,m,speed,6.72,m/s,cadence,63,rpm,temperature,18,C,,,,,,,,,,,,,,,,,,,,,,
Data,6,record,timestamp,746676769,s,position_lat,405442148,semicircles,position_long,-1413092320,semicircles,distance,5354.91,m,altitude,10.199999999999989,m,speed,6.916,m/s,cadence,65,rpm,temperature,18,C,,,,,,,,,,,,,,,,,,,,,,
Data,6,record,timestamp,746676770,s,position_lat,405442391,semicircles,position_long,-1413093235,semicircles,distance,5361.88,m,altitude,10.600000000000023,m,speed,6.961,m/s,cadence,65,rpm,temperature,18,C,,,,,,,,,,,,,,,,,,,,,,
Data,6,record,timestamp,746676771,s,position_lat,405442592,semicircles,position_long,-1413094167,semicircles,distance,5368.93,m,altitude,11.0,m,speed,7.053,m/s,cadence,66,rpm,temperature,18,C,,,,,,,,,,,,,,,,,,,,,,
Data,6,record,timestamp,746676774,s,position_lat,405443253,semicircles,position_long,-1413096810,semicircles,distance,5390.79,m,altitude,11.0,m,speed,7.394,m/s,cadence,68,rpm,temperature,18,C,,,,,,,,,,,,,,,,,,,,,,
Data,6,record,timestamp,746676776,s,position_lat,405443656,semicircles,position_long,-1413098671,semicircles,distance,5405.76,m,altitude,11.0,m,speed,7.578,m/s,cadence,71,rpm,temperature,18,C,,,,,,,,,,,,,,,,,,,,,,
Data,6,record,timestamp,746676784,s,position_lat,405445063,semicircles,position_long,-1413106485,semicircles,distance,5467.24,m,altitude,11.0,m,speed,7.551,m/s,cadence,71,rpm,temperature,18,C,,,,,,,,,,,,,,,,,,,,,,
Data,6,record,timestamp,746676791,s,position_lat,405446324,semicircles,position_long,-1413113151,semicircles,distance,5520.72,m,altitude,11.0,m,speed,7.774,m/s,cadence,72,rpm,temperature,18,C,,,,,,,,,,,,,,,,,,,,,,
Data,6,record,timestamp,746676797,s,position_lat,405447373,semicircles,position_long,-1413119474,semicircles,distance,5569.19,m,altitude,11.0,m,speed,8.384,m/s,cadence,78,rpm,temperature,18,C,,,,,,,,,,,,,,,,,,,,,,
Data,6,record,timestamp,746676800,s,position_lat,405447551,semicircles,position_long,-1413122835,semicircles,distance,5594.64,m,altitude,11.0,m,speed,8.552,m/s,cadence,80,rpm,temperature,18,C,,,,,,,,,,,,,,,,,,,,,,
Data,6,record,timestamp,746676802,s,position_lat,405447954,semicircles,position_long,-1413124942,semicircles,distance,5611.74,m,altitude,11.0,m,speed,8.518,m/s,cadence,80,rpm,temperature,18,C,,,,,,,,,,,,,,,,,,,,,,
Data,6,record,timestamp,746676809,s,position_lat,405449389,semicircles,position_long,-1413132559,semicircles,distance,5671.4,m,altitude,11.0,m,speed,8.484,m/s,cadence,79,rpm,temperature,18,C,,,,,,,,,,,,,,,,,,,,,,
Data,6,record,timestamp,746676817,s,position_lat,405450914,semicircles,position_long,-1413140590,semicircles,distance,5736.81,m,altitude,11.0,m,speed,8.0,m/s,cadence,75,rpm,temperature,18,C,,,,,,,,,,,,,,,,,,,,,,
Data,6,record,timestamp,746676824,s,position_lat,405452408,semicircles,position_long,-1413147834,semicircles,distance,5793.86,m,altitude,11.0,m,speed,8.343,m/s,cadence,78,rpm,temperature,18,C,,,,,,,,,,,,,,,,,,,,,,
Data,6,record,timestamp,746676831,s,position_lat,405454135,semicircles,position_long,-1413155357,semicircles,distance,5854.2,m,altitude,11.0,m,speed,8.679,m/s,cadence,81,rpm,temperature,18,C,,,,,,,,,,,,,,,,,,,,,,
Data,6,record,timestamp,746676833,s,position_lat,405454749,semicircles,position_long,-1413157526,semicircles,distance,5871.6,m,altitude,11.0,m,speed,8.75,m/s,cadence,91,rpm,temperature,18,C,,,,,,,,,,,,,,,,,,,,,,
Data,6,record,timestamp,746676834,s,position_lat,405455154,semicircles,position_long,-1413158528,semicircles,distance,5880.31,m,altitude,11.0,m,speed,8.714,m/s,cadence,91,rpm,temperature,18,C,,,,,,,,,,,,,,,,,,,,,,
Data,6,record,timestamp,746676837,s,position_lat,405456450,semicircles,position_long,-1413161510,semicircles,distance,5906.46,m,altitude,11.0,m,speed,8.786,m/s,cadence,92,rpm,temperature,18,C,,,,,,,,,,,,,,,,,,,,,,
Data,6,record,timestamp,746676838,s,position_lat,405456754,semicircles,position_long,-1413162602,semicircles,distance,5915.28,m,altitude,11.0,m,speed,8.822,m/s,cadence,92,rpm,temperature,18,C,,,,,,,,,,,,,,,,,,,,,,
Data,6,record,timestamp,746676844,s,position_lat,405458370,semicircles,position_long,-1413169059,semicircles,distance,5967.5,m,altitude,11.0,m,speed,8.54,m/s,cadence,90,rpm,temperature,17,C,,,,,,,,,,,,,,,,,,,,,,
Data,6,record,timestamp,746676850,s,position_lat,405460026,semicircles,position_long,-1413174936,semicircles,distance,6016.41,m,altitude,11.0,m,speed,7.735,m/s,cadence,82,rpm,temperature,17,C,,,,,,,,,,,,,,,,,,,,,,
Data,6,record,timestamp,746676855,s,position_lat,405461369,semicircles,position_long,-1413179961,semicircles,distance,6056.66,m,altitude,11.0,m,speed,8.243,m/s,cadence,86,rpm,temperature,17,C,,,,,,,,,,,,,,,,,,,,,,
Data,6,record,timestamp,746676862,s,position_lat,405463037,semicircles,position_long,-1413186906,semicircles,distance,6113.4,m,altitude,11.0,m,speed,7.652,m/s,cadence,0,rpm,temperature,17,C,,,,,,,,,,,,,,,,,,,,,,
Data,6,record,timestamp,746676864,s,position_lat,405463495,semicircles,position_long,-1413188562,semicircles,distance,6127.93,m,altitude,11.0,m,speed,7.188,m/s,cadence,0,rpm,temperature,17,C,,,,,,,,,,,,,,,,,,,,,,
Data,6,record,timestamp,746676866,s,position_lat,405464140,semicircles,position_long,-1413190271,semicircles,distance,6142.36,m,altitude,11.0,m,speed,7.362,m/s,cadence,0,rpm,temperature,17,C,,,,,,,,,,,,,,,,,,,,,,
Data,6,record,timestamp,746676867,s,position_lat,405464555,semicircles,position_long,-1413191099,semicircles,distance,6149.62,m,altitude,11.0,m,speed,7.262,m/s,cadence,0,rpm,temperature,17,C,,,,,,,,,,,,,,,,,,,,,,
Data,6,record,timestamp,746676869,s,position_lat,405464980,semicircles,position_long,-1413193014,semicircles,distance,6164.55,m,altitude,11.0,m,speed,7.517,m/s,cadence,40,rpm,temperature,17,C,,,,,,,,,,,,,,,,,,,,,,
Data,6,record,timestamp,746676871,s,position_lat,405465318,semicircles,position_long,-1413195011,semicircles,distance,6180.8,m,altitude,10.600000000000023,m,speed,8.34,m/s,cadence,89,rpm,temperature,17,C,,,,,,,,,,,,,,,,,,,,,,
Data,6,record,timestamp,746676872,s,position_lat,405465518,semicircles,position_long,-1413196098,semicircles,distance,6189.58,m,altitude,10.199999999999989,m,speed,8.786,m/s,cadence,94,rpm,temperature,17,C,,,,,,,,,,,,,,,,,,,,,,
Data,6,record,timestamp,746676873,s,position_lat,405465710,semicircles,position_long,-1413197254,semicircles,distance,6198.55,m,altitude,9.800000000000011,m,speed,8.97,m/s,cadence,95,rpm,temperature,17,C,,,,,,,,,,,,,,,,,,,,,,
Data,6,record,timestamp,746676874,s,position_lat,405465858,semicircles,position_long,-1413198372,semicircles,distance,6207.72,m,altitude,9.399999999999977,m,speed,9.163,m/s,cadence,94,rpm,temperature,17,C,,,,,,,,,,,,,,,,,,,,,,
Data,6,record,timestamp,746676875,s,position_lat,405465998,semicircles,position_long,-1413199457,semicircles,distance,6216.72,m,altitude,9.0,m,speed,9.008,m/s,cadence,92,rpm,temperature,17,C,,,,,,,,,,,,,,,,,,,,,,
Data,6,record,timestamp,746676880,s,position_lat,405467060,semicircles,position_long,-1413204551,semicircles,distance,6256.93,m,altitude,9.0,m,speed,7.544,m/s,cadence,78,rpm,temperature,17,C,,,,,,,,,,,,,,,,,,,,,,
Data,6,record,timestamp,746676888,s,position_lat,405468966,semicircles,position_long,-1413212206,semicircles,distance,6317.35,m,altitude,9.0,m,speed,7.966,m/s,cadence,83,rpm,temperature,17,C,,,,,,,,,,,,,,,,,,,,,,
Data,6,record,timestamp,746676894,s,position_lat,405471015,semicircles,position_long,-1413218073,semicircles,distance,6365.76,m,altitude,9.0,m,speed,8.307,m/s,cadence,0,rpm,temperature,17,C,,,,,,,,,,,,,,,,,,,,,,
Data,6,record,timestamp,746676896,s,position_lat,405471507,semicircles,position_long,-1413219959,semicircles,distance,6382.0,m,altitude,9.0,m,speed,7.907,m/s,cadence,0,rpm,temperature,17,C,,,,,,,,,,,,,,,,,,,,,,
Data,6,record,timestamp,746676898,s,position_lat,405471559,semicircles,position_long,-1413221592,semicircles,distance,6396.69,m,altitude,9.0,m,speed,7.14,m/s,cadence,0,rpm,temperature,17,C,,,,,,,,,,,,,,,,,,,,,,
Data,6,record,timestamp,746676900,s,position_lat,405471606,semicircles,position_long,-1413222808,semicircles,distance,6407.82,m,altitude,9.0,m,speed,5.047,m/s,cadence,0,rpm,temperature,17,C,,,,,,,,,,,,,,,,,,,,,,
Data,6,record,timestamp,746676901,s,position_lat,405471696,semicircles,position_long,-1413223258,semicircles,distance,6412.38,m,altitude,8.600000000000023,m,speed,4.562,m/s,cadence,0,rpm,temperature,17,C,,,,,,,,,,,,,,,,,,,,,,
Data,6,record,timestamp,746676902,s,position_lat,405471838,semicircles,position_long,-1413223587,semicircles,distance,6416.27,m,altitude,8.199999999999989,m,speed,3.888,m/s,cadence,0,rpm,temperature,17,C,,,,,,,,,,,,,,,,,,,,,,
Data,6,record,timestamp,746676903,s,position_lat,405471989,semicircles,position_long,-1413223824,semicircles,distance,6419.65,m,altitude,7.800000000000011,m,speed,3.388,m/s,cadence,0,rpm,temperature,17,C,,,,,,,,,,,,,,,,,,,,,,
Data,6,record,timestamp,746676904,s,position_lat,405472119,semicircles,position_long,-1413224044,semicircles,distance,6422.59,m,altitude,7.399999999999977,m,speed,2.924,m/s,cadence,0,rpm,temperature,17,C,,,,,,,,,,,,,,,,,,,,,,
Data,6,record,timestamp,746676905,s,position_lat,405472262,semicircles,position_long,-1413224283,semicircles,distance,6425.02,m,altitude,7.0,m,speed,2.445,m/s,cadence,0,rpm,temperature,17,C,,,,,,,,,,,,,,,,,,,,,,
Data,6,record,timestamp,746676906,s,position_lat,405472442,semicircles,position_long,-1413224721,semicircles,distance,6427.1,m,altitude,7.0,m,speed,2.072,m/s,cadence,0,rpm,temperature,17,C,,,,,,,,,,,,,,,,,,,,,,
Data,6,record,timestamp,746676909,s,position_lat,405472592,semicircles,position_long,-1413226622,semicircles,distance,6435.96,m,altitude,7.0,m,speed,4.651,m/s,cadence,51,rpm,temperature,17,C,,,,,,,,,,,,,,,,,,,,,,
Data,6,record,timestamp,746676910,s,position_lat,405472460,semicircles,position_long,-1413227383,semicircles,distance,6441.18,m,altitude,7.0,m,speed,5.22,m/s,cadence,56,rpm,temperature,17,C,,,,,,,,,,,,,,,,,,,,,,
Data,6,record,timestamp,746676912,s,position_lat,405471974,semicircles,position_long,-1413228973,semicircles,distance,6452.79,m,altitude,7.0,m,speed,5.947,m/s,cadence,67,rpm,temperature,17,C,,,,,,,,,,,,,,,,,,,,,,
Data,6,record,timestamp,746676914,s,position_lat,405471068,semicircles,position_long,-1413230495,semicircles,distance,6467.08,m,altitude,7.0,m,speed,7.336,m/s,cadence,75,rpm,temperature,17,C,,,,,,,,,,,,,,,,,,,,,,
Data,6,record,timestamp,746676919,s,position_lat,405468351,semicircles,position_long,-1413234680,semicircles,distance,6507.02,m,altitude,7.0,m,speed,8.472,m/s,cadence,88,rpm,temperature,17,C,,,,,,,,,,,,,,,,,,,,,,
Data,6,record,timestamp,746676925,s,position_lat,405464889,semicircles,position_long,-1413239956,semicircles,distance,6558.99,m,altitude,7.0,m,speed,8.54,m/s,cadence,89,rpm,temperature,17,C,,,,,,,,,,,,,,,,,,,,,,
Data,6,record,timestamp,746676933,s,position_lat,405460491,semicircles,position_long,-1413246780,semicircles,distance,6625.88,m,altitude,7.0,m,speed,8.243,m/s,cadence,86,rpm,temperature,17,C,,,,,,,,,,,,,,,,,,,,,,
Data,6,record,timestamp,746676940,s,position_lat,405457088,semicircles,position_long,-1413252355,semicircles,distance,6679.99,m,altitude,7.0,m,speed,7.283,m/s,cadence,76,rpm,temperature,17,C,,,,,,,,,,,,,,,,,,,,,,
Data,6,record,timestamp,746676947,s,position_lat,405453560,semicircles,position_long,-1413257781,semicircles,distance,6733.19,m,altitude,7.0,m,speed,7.692,m/s,cadence,81,rpm,temperature,17,C,,,,,,,,,,,,,,,,,,,,,,
Data,6,record,timestamp,746676955,s,position_lat,405449331,semicircles,position_long,-1413264305,semicircles,distance,6796.85,m,altitude,7.0,m,speed,8.082,m/s,cadence,85,rpm,temperature,17,C,,,,,,,,,,,,,,,,,,,,,,
Data,6,record,timestamp,746676957,s,position_lat,405448251,semicircles,position_long,-1413265982,semicircles,distance,6813.17,m,altitude,7.0,m,speed,8.176,m/s,cadence,86,rpm,temperature,17,C,,,,,,,,,,,,,,,,,,,,,,
Data,6,record,timestamp,746676965,s,position_lat,405443917,semicircles,position_long,-1413272963,semicircles,distance,6880.36,m,altitude,7.0,m,speed,8.503,m/s,cadence,89,rpm,temperature,17,C,,,,,,,,,,,,,,,,,,,,,,
Data,6,record,timestamp,746676966,s,position_lat,405443361,semicircles,position_long,-1413273822,semicircles,distance,6888.87,m,altitude,7.0,m,speed,8.503,m/s,cadence,89,rpm,temperature,17,C,,,,,,,,,,,,,,,,,,,,,,
Data,6,record,timestamp,746676973,s,position_lat,405439344,semicircles,position_long,-1413280024,semicircles,distance,6948.93,m,altitude,7.0,m,speed,8.716,m/s,cadence,91,rpm,temperature,17,C,,,,,,,,,,,,,,,,,,,,,,
Data,6,record,timestamp,746676974,s,position_lat,405438798,semicircles,position_long,-1413280928,semicircles,distance,6957.61,m,altitude,7.0,m,speed,8.681,m/s,cadence,91,rpm,temperature,17,C,,,,,,,,,,,,,,,,,,,,,,
Data,6,record,timestamp,746676980,s,position_lat,405435739,semicircles,position_long,-1413285670,semicircles,distance,7005.43,m,altitude,7.0,m,speed,7.333,m/s,cadence,0,rpm,temperature,17,C,,,,,,,,,,,,,,,,,,,,,,
Data,6,record,timestamp,746676988,s,position_lat,405432379,semicircles,position_long,-1413291115,semicircles,distance,7058.89,m,altitude,7.0,m,speed,6.393,m/s,cadence,67,rpm,temperature,17,C,,,,,,,,,,,,,,,,,,,,,,
Data,6,record,timestamp,746676993,s,position_lat,405430614,semicircles,position_long,-1413293805,semicircles,distance,7086.65,m,altitude,7.0,m,speed,4.928,m/s,cadence,39,rpm,temperature,17,C,,,,,,,,,,,,,,,,,,,,,,
Data,6,record,timestamp,746677000,s,position_lat,405427849,semicircles,position_long,-1413298250,semicircles,distance,7127.56,m,altitude,7.0,m,speed,6.406,m/s,cadence,68,rpm,temperature,17,C,,,,,,,,,,,,,,,,,,,,,,
Data,6,record,timestamp,746677007,s,position_lat,405424635,semicircles,position_long,-1413303278,semicircles,distance,7175.81,m,altitude,7.0,m,speed,7.161,m/s,cadence,75,rpm,temperature,17,C,,,,,,,,,,,,,,,,,,,,,,
Data,6,record,timestamp,746677016,s,position_lat,405420394,semicircles,position_long,-1413309795,semicircles,distance,7239.67,m,altitude,7.0,m,speed,7.123,m/s,cadence,75,rpm,temperature,17,C,,,,,,,,,,,,,,,,,,,,,,
Data,6,record,timestamp,746677024,s,position_lat,405416544,semicircles,position_long,-1413315750,semicircles,distance,7297.55,m,altitude,7.0,m,speed,7.244,m/s,cadence,75,rpm,temperature,17,C,,,,,,,,,,,,,,,,,,,,,,
Data,6,record,timestamp,746677027,s,position_lat,405415231,semicircles,position_long,-1413317905,semicircles,distance,7318.82,m,altitude,7.0,m,speed,6.804,m/s,cadence,37,rpm,temperature,17,C,,,,,,,,,,,,,,,,,,,,,,
Data,6,record,timestamp,746677029,s,position_lat,405414374,semicircles,position_long,-1413319261,semicircles,distance,7332.05,m,altitude,7.0,m,speed,6.553,m/s,cadence,17,rpm,temperature,17,C,,,,,,,,,,,,,,,,,,,,,,
Data,6,record,timestamp,746677037,s,position_lat,405411388,semicircles,position_long,-1413324191,semicircles,distance,7381.79,m,altitude,7.0,m,speed,5.095,m/s,cadence,0,rpm,temperature,17,C,,,,,,,,,,,,,,,,,,,,,,
Data,6,record,timestamp,746677038,s,position_lat,405411036,semicircles,position_long,-1413324370,semicircles,distance,7386.24,m,altitude,7.0,m,speed,4.455,m/s,cadence,0,rpm,temperature,17,C,,,,,,,,,,,,,,,,,,,,,,
Data,6,record,timestamp,746677039,s,position_lat,405410582,semicircles,position_long,-1413324132,semicircles,distance,7390.39,m,altitude,7.0,m,speed,4.143,m/s,cadence,0,rpm,temperature,17,C,,,,,,,,,,,,,,,,,,,,,,
Data,6,record,timestamp,746677043,s,position_lat,405408533,semicircles,position_long,-1413322473,semicircles,distance,7411.14,m,altitude,7.0,m,speed,6.301,m/s,cadence,69,rpm,temperature,17,C,,,,,,,,,,,,,,,,,,,,,,
Data,6,record,timestamp,746677048,s,position_lat,405404965,semicircles,position_long,-1413319659,semicircles,distance,7449.28,m,altitude,7.0,m,speed,8.519,m/s,cadence,92,rpm,temperature,17,C,,,,,,,,,,,,,,,,,,,,,,
Data,6,record,timestamp,746677053,s,position_lat,405401572,semicircles,position_long,-1413316731,semicircles,distance,7489.49,m,altitude,7.0,m,speed,7.319,m/s,cadence,0,rpm,temperature,17,C,,,,,,,,,,,,,,,,,,,,,,
Data,6,record,timestamp,746677060,s,position_lat,405397386,semicircles,position_long,-1413313019,semicircles,distance,7537.81,m,altitude,7.0,m,speed,6.915,m/s,cadence,73,rpm,temperature,17,C,,,,,,,,,,,,,,,,,,,,,,
Data,6,record,timestamp,746677067,s,position_lat,405393115,semicircles,position_long,-1413309331,semicircles,distance,7586.81,m,altitude,7.0,m,speed,6.99,m/s,cadence,73,rpm,temperature,17,C,,,,,,,,,,,,,,,,,,,,,,
Data,6,record,timestamp,746677070,s,position_lat,405391195,semicircles,position_long,-1413308253,semicircles,distance,7607.65,m,altitude,7.0,m,speed,6.855,m/s,cadence,73,rpm,temperature,17,C,,,,,,,,,,,,,,,,,,,,,,
Data,6,record,timestamp,746677072,s,position_lat,405390407,semicircles,position_long,-1413307299,semicircles,distance,7620.15,m,altitude,7.0,m,speed,5.857,m/s,cadence,0,rpm,temperature,17,C,,,,,,,,,,,,,,,,,,,,,,
Data,6,record,timestamp,746677074,s,position_lat,405390734,semicircles,position_long,-1413306052,semicircles,distance,7631.33,m,altitude,7.0,m,speed,5.715,m/s,cadence,26,rpm,temperature,17,C,,,,,,,,,,,,,,,,,,,,,,
Data,6,record,timestamp,746677077,s,position_lat,405391434,semicircles,position_long,-1413304662,semicircles,distance,7645.31,m,altitude,7.0,m,speed,4.404,m/s,cadence,44,rpm,temperature,17,C,,,,,,,,,,,,,,,,,,,,,,
Data,6,record,timestamp,746677079,s,position_lat,405391796,semicircles,position_long,-1413303985,semicircles,distance,7652.94,m,altitude,7.399999999999977,m,speed,3.72,m/s,cadence,34,rpm,temperature,17,C,,,,,,,,,,,,,,,,,,,,,,
Data,6,record,timestamp,746677080,s,position_lat,405391950,semicircles,position_long,-1413303765,semicircles,distance,7655.95,m,altitude,7.800000000000011,m,speed,3.007,m/s,cadence,34,rpm,temperature,17,C,,,,,,,,,,,,,,,,,,,,,,
Data,6,record,timestamp,746677081,s,position_lat,405392040,semicircles,position_long,-1413303656,semicircles,distance,7658.7,m,altitude,8.199999999999989,m,speed,2.75,m/s,cadence,34,rpm,temperature,17,C,,,,,,,,,,,,,,,,,,,,,,
Data,6,record,timestamp,746677082,s,position_lat,405392096,semicircles,position_long,-1413303619,semicircles,distance,7661.45,m,altitude,8.600000000000023,m,speed,2.75,m/s,cadence,0,rpm,temperature,17,C,,,,,,,,,,,,,,,,,,,,,,
Data,2,event,timestamp,746677083,s,timer_trigger,1,,event,0,,event_type,4,,event_group,0,,,,,,,,,,,,,,,,,,,,,,,,,,,,,,,,
Data,6,record,timestamp,746677083,s,position_lat,405392063,semicircles,position_long,-1413303648,semicircles,distance,7661.45,m,altitude,9.0,m,speed,0.0,m/s,cadence,0,rpm,temperature,17,C,,,,,,,,,,,,,,,,,,,,,,
Data,4,unknown,unknown,746677089,,unknown,3,,unknown,3,,unknown,1,,unknown,0,,,,,,,,,,,,,,,,,,,,,,,,,,,,,,,,
Data,2,event,timestamp,746677090,s,timer_trigger,1,,event,0,,event_type,0,,event_group,0,,,,,,,,,,,,,,,,,,,,,,,,,,,,,,,,
Definition,7,record,timestamp,1,,position_lat,1,,position_long,1,,distance,1,,altitude,1,,speed,1,,temperature,1,,,,,,,,,,,,,,,,,,,,,,,,,,
Data,7,record,timestamp,746677090,s,position_lat,405392056,semicircles,position_long,-1413303591,semicircles,distance,7661.45,m,altitude,9.0,m,speed,1.202,m/s,temperature,17,C,,,,,,,,,,,,,,,,,,,,,,,,,
Data,7,record,timestamp,746677092,s,position_lat,405392063,semicircles,position_long,-1413303598,semicircles,distance,7663.99,m,altitude,9.0,m,speed,1.342,m/s,temperature,17,C,,,,,,,,,,,,,,,,,,,,,,,,,
Data,7,record,timestamp,746677095,s,position_lat,405392104,semicircles,position_long,-1413303739,semicircles,distance,7667.78,m,altitude,9.0,m,speed,1.126,m/s,temperature,17,C,,,,,,,,,,,,,,,,,,,,,,,,,
Data,4,unknown,unknown,746677097,,unknown,3,,unknown,3,,unknown,1,,unknown,0,,,,,,,,,,,,,,,,,,,,,,,,,,,,,,,,
Data,2,event,timestamp,746677098,s,timer_trigger,1,,event,0,,event_type,4,,event_group,0,,,,,,,,,,,,,,,,,,,,,,,,,,,,,,,,
Definition,8,record,timestamp,1,,distance,1,,altitude,1,,speed,1,,temperature,1,,,,,,,,,,,,,,,,,,,,,,,,,,,,,,,,
Data,8,record,timestamp,746677098,s,distance,7670.03,m,altitude,9.0,m,speed,0.0,m/s,temperature,17,C,,,,,,,,,,,,,,,,,,,,,,,,,,,,,,,
Data,2,event,timestamp,746677109,s,timer_trigger,1,,event,0,,event_type,0,,event_group,0,,,,,,,,,,,,,,,,,,,,,,,,,,,,,,,,
Data,8,record,timestamp,746677109,s,distance,7670.03,m,altitude,9.0,m,speed,1.27,m/s,temperature,17,C,,,,,,,,,,,,,,,,,,,,,,,,,,,,,,,
Data,2,event,timestamp,746677119,s,timer_trigger,1,,event,0,,event_type,4,,event_group,0,,,,,,,,,,,,,,,,,,,,,,,,,,,,,,,,
Data,8,record,timestamp,746677119,s,distance,7680.06,m,altitude,9.0,m,speed,0.0,m/s,temperature,17,C,,,,,,,,,,,,,,,,,,,,,,,,,,,,,,,
Data,8,record,timestamp,746677131,s,distance,7680.06,m,altitude,9.0,m,speed,0.0,m/s,temperature,17,C,,,,,,,,,,,,,,,,,,,,,,,,,,,,,,,
Data,2,event,timestamp,746677131,s,timer_trigger,0,,event,0,,event_type,4,,event_group,0,,,,,,,,,,,,,,,,,,,,,,,,,,,,,,,,
Data,2,event,timestamp,746678048,s,data,0,,event,5,,event_type,4,,event_group,0,,,,,,,,,,,,,,,,,,,,,,,,,,,,,,,,
Data,2,event,timestamp,746730429,s,data,0,,event,6,,event_type,4,,event_group,0,,,,,,,,,,,,,,,,,,,,,,,,,,,,,,,,
Definition,9,lap,timestamp,1,,start_time,1,,start_position_lat,1,,start_position_long,1,,end_position_lat,1,,end_position_long,1,,total_elapsed_time,1,,total_timer_time,1,,total_distance,1,,total_cycles,1,,unknown,1,,unknown,1,,unknown,1,,unknown,1,,message_index,1,,total_calories,1,,total_fat_calories,1,,avg_speed,1,,max_speed,1,,avg_power,1,,max_power,1,,total_ascent,1,,total_descent,1,,event,1,,event_type,1,,avg_heart_rate,1,,max_heart_rate,1,,avg_cadence,1,,max_cadence,1,,intensity,1,,lap_trigger,1,,sport,1,,event_group,1,,
Data,9,lap,timestamp,746730471,s,start_time,746675865,,start_position_lat,405373809,semicircles,start_position_long,-1412833821,semicircles,end_position_lat,405392122,semicircles,end_position_long,-1413303806,semicircles,total_elapsed_time,1254.661,s,total_timer_time,1075.646,s,total_distance,7680.06,m,total_cycles,1198,cycles,unknown,405472627,,unknown,-1412833821,,unknown,405262767,,unknown,-1413324370,,message_index,0,,total_calories,239,kcal,total_fat_calories,0,kcal,avg_speed,7.14,m/s,max_speed,10.616,m/s,total_ascent,13,m,total_descent,17,m,event,9,,event_type,1,,avg_cadence,77,rpm,max_cadence,201,rpm,lap_trigger,7,,sport,2,,,,,,,,,,,,,,,,,,,,
Data,3,device_info,timestamp,746730471,s,serial_number,3814993968,,manufacturer,1,,product,1169,,software_version,2.2,,device_index,0,,device_type,1,,,,,,,,,,,,,,,,,,,,,,,,,,,,,,,,,,,,,,,,,,,,,,,,,,,,,,,,,,,,,,,,,,,,,,,,,,,,,,,,
Data,3,device_info,timestamp,746730471,s,device_index,1,,device_type,12,,,,,,,,,,,,,,,,,,,,,,,,,,,,,,,,,,,,,,,,,,,,,,,,,,,,,,,,,,,,,,,,,,,,,,,,,,,,,,,,,,,,,,,,,,,,
Data,3,device_info,timestamp,746730471,s,serial_number,30781,,unknown,155,,unknown,2,,device_index,2,,device_type,121,,unknown,99,,,,,,,,,,,,,,,,,,,,,,,,,,,,,,,,,,,,,,,,,,,,,,,,,,,,,,,,,,,,,,,,,,,,,,,,,,,,,,,,
Data,2,event,timestamp,746730471,s,data,1,,event,8,,event_type,9,,event_group,1,,,,,,,,,,,,,,,,,,,,,,,,,,,,,,,,,,,,,,,,,,,,,,,,,,,,,,,,,,,,,,,,,,,,,,,,,,,,,,,,,,,,,,
Definition,10,session,timestamp,1,,start_time,1,,start_position_lat,1,,start_position_long,1,,total_elapsed_time,1,,total_timer_time,1,,total_distance,1,,total_cycles,1,,nec_lat,1,,nec_long,1,,swc_lat,1,,swc_long,1,,message_index,1,,total_calories,1,,total_fat_calories,1,,avg_speed,1,,max_speed,1,,avg_power,1,,max_power,1,,total_ascent,1,,total_descent,1,,first_lap_index,1,,num_laps,1,,event,1,,event_type,1,,sport,1,,sub_sport,1,,avg_heart_rate,1,,max_heart_rate,1,,avg_cadence,1,,max_cadence,1,,event_group,1,,trigger,1,,
Data,10,session,timestamp,746730471,s,start_time,746675865,,start_position_lat,405373809,semicircles,start_position_long,-1412833821,semicircles,total_elapsed_time,1254.661,s,total_timer_time,1075.646,s,total_distance,7680.06,m,total_cycles,1198,cycles,nec_lat,405472627,semicircles,nec_long,-1412833821,semicircles,swc_lat,405262767,semicircles,swc_long,-1413324370,semicircles,message_index,0,,total_calories,239,kcal,total_fat_calories,0,kcal,avg_speed,7.14,m/s,max_speed,10.616,m/s,total_ascent,13,m,total_descent,17,m,first_lap_index,0,,num_laps,1,,event,9,,event_type,1,,sport,2,,sub_sport,0,,avg_cadence,77,rpm,max_cadence,201,rpm,trigger,0,,,,,,,,,,,,,,,,,
Definition,11,activity,timestamp,1,,total_timer_time,1,,num_sessions,1,,type,1,,event,1,,event_type,1,,,,,,,,,,,,,,,,,,,,,,,,,,,,,,,,,,,,,,,,,,,,,,,,,,,,,,,,,,,,,,,,,,,,,,,,,,,,,,,,,,,
Data,11,activity,timestamp,746730471,,total_timer_time,1075.646,s,num_sessions,1,,type,0,,event,26,,event_type,1,,,,,,,,,,,,,,,,,,,,,,,,,,,,,,,,,,,,,,,,,,,,,,,,,,,,,,,,,,,,,,,,,,,,,,,,,,,,,,,,,,,
